cat_comment_time,cat_user_comment,cat_user_name
2017-07-19,"在万达茂商区，目前已经是南昌比较主流的游乐场了，去的时候是大夏天，没给我晒死，所以千万别太热去，人挺多，所以一般游乐场的通病——排队，这也少不了，尤其是有意思的项目更是人多，（内心os：他们都不怕晒咩），那个大型的木质云霄飞车是一定要尝试的罗，我一恐高症患者来这真就是浪费钱的，哈哈哈！
不过周末晚上七点多，喷泉那会有灯光烟火秀，那个太值得一看了，真心震撼壮观，据说表演一次的成本都得3万块，因为晚上拍到手机没电了，所以没照片，但绝对良心推荐！",火火的路四喜
2017-01-17,这是超级棒的地方，一直想来的万达主题乐园，携程订票方便快捷188元，一票制没有票中票，可以玩任何项目（有些小朋友的项目超重了不能玩，哈哈）亚洲最大的木质过山车，全球最好的过山车，悬挂式过山车等，6大主题，有刺激的，温馨的，惊险的项目应有尽有。总之来到南昌一定要去，特别是要玩木质过山车（竹林绿蟒），我朋友玩了4遍，我只敢玩一次。,MSIIIIy
2016-08-29,周日带女儿玩了一天，早上9:30门口排几溜长队直到10点才进园。然后又排队一个小时玩了凤舞九天，那几分钟的感觉真是好刺激接下来还玩了龙飞凤舞（实在惊险不建议小孩子玩）它像拧麻花一样打着滚的上蹿下跳，不愧号称国内最快的过山车，别说女儿连我都有点害怕咯后面我们还玩了神龙摆尾，翻天覆地等等很多项目。尽管直到下午5点多才出园，也只是大概玩了三分之一，毕竟整个园区太大还有很多定时的舞台表演都没看园内布局合理环境不错非常干净，便民措施也很到位，就是食物和水的价格比较贵，但是能够理解工作人员都很热情尽责，比较危险的项目都能做到控制进场和反复核查安全措施总体来说感觉比较满意，万达主题乐园——值得一去滴地方特别提醒：可以带未开封的食物和水进去，很多项目要排队尤其是大热门，很多项目限制身高孩子太小的玩不了。,安全第一
2016-08-01,"刚到那里的时候，会有人和你说雨衣5元要卖给你，还说里面是20元，但事实上里面只卖10元，而且我玩水上项目像漂流和鱼跃龙门基本上外面买的雨衣不管用，质量太差容易破帽子还戴不住，里面买的雨衣却至少可以玩三个项目，而且有绳子可以绑住。
买票的时候会不停地有黄牛找你，如果不是有提前订票的话可以和黄牛沟通一下，因为黄牛卖给你的是团购价而且进去不用排队。
检票的时候不会那么严格地看东西有没有开封，他们只是会让你打开包然后随意地看一看，所以稍微开封一些也没有什么关系，水杯不能带，我们带了3瓶水才够。
因为是夏天，所以主要玩了水上项目，鱼跃龙门最刺激，然后漂流也还不错，记得把脚架高因为船里面会进水，然后就是水战，那个，无论怎么防备都没用，一定会湿透的，至少是面部。
这一次我们去并没有发现什么表演，而且可能是因为热和周一的缘故，基本上没有排什么队。
至于三大过山车和大摆锤，我是没敢玩，想要追求刺激又承受能力不好的可以试试大青虫，还挺不错的。
里面虽然物价高但是感觉味道还不错，服务也挺周到的，我进去后差点中暑蹲在路边走不动都有工作人员来关照。而且里面四处有空调房和休息场所，不得不说挺人性化的！
总之，物有所值吧！推荐大家去玩一玩！",_CFT01****2209015
2016-06-17,"先说交通:南昌西站到门口，全程6.4km，用滴滴快车比较便宜，大概14元，出租车不给打表，有30的也有40的，有些司机认识工作人员，110就可以买到门票。
内部:食物包括水都可以带未开封的，乐园内的水5元一瓶，就是康师傅水，所以尽量多带点未开封的水进去，其他东西也很贵。漂流的水很脏，而且会溅到衣服上，刺激感不大，最刺激的是云霄飞车，3次俯冲，最大落差77米，玩完之后整个人全身发软。竹林绿蟒振动感很强，而且是木制轨道，只有一次俯冲，很适合我。
外部:外部是青花瓷外形的建筑，出乐园后千万别被黄牛拉上车，全是而已面包车，而且漫天要价，可以坐公交出去，在人少的地方继续用滴滴，相信我，除非你赶路，黄牛也可以砍价的，公交站的黄牛比门口的就便宜很多。",雨落尘飞
2017-06-07,万达首家乐园选在南昌还是很不错的，地理位置就在西客站过去一点，红谷滩中心去开车过去二十多分钟就OK了，旁边还有商业综合体万达茂，乐园里面风景也非常好各种适合拍照，万圣节跨年夜也经常有活动，我们这种玩不了刺激项目的也可以选择游园，晚上还有烟火表演和水秀，值得一去，万圣节更值得二刷！图片都是万圣节拍的，超赞的百鬼夜行和丧尸cos！棒棒哒！,M12****656
2016-09-12,一大早就跑去乐园，出门的时候还下着小雨，边出发边祈祷一定要停雨。果然在路上的时候就停雨了。晚的第一个项目时竹林绿莽。第一次坐木质的过山车果然不一样。接下来就是逆时针在园内游玩。开始的时候风舞九天没开在检修，可能因为人少园内转玩一圈还很早就又转了一圈发现风舞九天开了就玩了一下，不吓人，风很大看风景很不错。周天去的，人也不是很多，关键是携程搞活动平日票的价钱买到了周末的票！最不喜欢的项目就是鱼跃龙门了，没有放包的地方，导致包全湿了，包里面的东西也全湿了。要是还有机会再去这个项目不会再完了。太心塞...竹林绿莽完了两次，第二天起来脖子酸疼这个过山车没有护头的，在上面头就乱甩。整体不错,_WeCh****83721
2016-07-01,去很方便，我做的是501公交车，直接在万达茂下的，欧尚出发一个小时的车程，10点开门，自拍杆不能带，但是所有没开封的零食，饮料都可以带（因为里面的东西太贵了）不要带多了，因为玩的太嗨根本没什么时间吃，云霄飞车很刺激，，我走的是闺蜜线，比较刺激的，一般五颗星以上的都要排一个小时左右的队，但是很过瘾，进门右边有路线图、一定要拿，不然没有方向会浪费时间、祝大家玩的愉快,M40****383
2016-09-25,南昌万达主题乐园由竹林秘境、云霄仙阁、鄱阳渔家、五彩瓷都、仙女奇缘、世外桃源六大主题区组成。而我比较喜欢云霄仙阁和竹林秘境两个，另外过山车好恐怖！,M38****561
2016-05-07,一、说是不让带吃的东西进去，连水都不可以，好嘛～进去之后，一瓶矿泉水5块钱，一小盒字母饼（最多十几块饼干）25块，吃饭的地方一碗面四五十块钱，这还不是最重要的，问题是你肯定排不上队啊，五个人（其中四个老人）饿着肚子在园里待了一天；二、再来说说储物柜这事，现在哪里储物柜还要收钱的？万达有啊～大的10块，小的5块，我们算是去得早的，因为不让带吃的进去，所以去寄存，5个人分头行动，好不容易抢到一个，看来还是幸运的；出园之后来取物，乖乖～那个储物室地上堆满了各种包啊～零食啊～还以为走进了垃圾场，敢情是储物柜不够啊，万达怎么不早点说明不能带零食不能带水进园呢？非得把大家骗到门口了，才各番关卡！！我们在玩的时候经常听见有人说“好饿啊”、“饿死了”，再好玩的地方，出了这样一些事，用户体验也不会好到哪里去吧？！必须承认南昌之前没有这么大型的游乐场，很多“国际规定”我们确实不知道，那万达作为首个入住南昌，投资超30亿的主题乐园是不是要做好一些普及工作呢？比如在园区哪些是能干的，哪些是不能干的，什么能带进园区，什么不能带？并做好解释和安抚工作。别光宣传产品，好不好玩大伙去一次就知道，可你们的服务意识和态度才是竞争力核心。,M10****221
2017-09-28,"抢购的特价票，一共玩了6个点，超级值。开始玩的是
木质过山车，太刺激了，回来以后脖子超疼的，蛮害怕的。一定记住不要带东西，因为侥幸带了小米手环，竟然给我甩出去了，只留下了个表带，还好没甩到人，忧伤。
这算里面最刺激的，就是队伍太长了，又总有人插
队，很烦，还很热，闹心。第二个玩的是凤飞九天，坐在上面不觉得高，下来看发现真挺高的，在上面风景超好的，就是有点晕，如果害怕的话就看天空吧，心里会一下子平静下来。
再后面玩的都是很平淡的小孩子玩的，因为有点怕。同学玩了翻江倒海说是很有趣，但我在下面看的好害怕啊，以前玩过类似的，像是高空揽月，有点怕了。翻江倒海的工作人员特别有趣，给你一种玩游戏很嗨的感觉，特别热爱自己的工作，给小哥哥点个赞。最后还玩了鬼屋，鬼屋没有真人，一点都不恐怖。
想玩的话最好不要玩夜场，大部分游乐设施都关闭了，玩不了多久。
而且二号线20:30左右就关闭了，好像是这样的，对了，出门的那家奶茶店很不好喝又贵，三个字的，忘了名字。
万达呢总体是很不错的，很刺激，就是得有点耐心，等的时间太久了，去玩的小伙伴记得带好水和充电宝哦。",三生的27
2017-08-14,带了三个弟弟去玩，没考虑到小孩很快就会累，到了下午就吵着要回家，好多项目没玩到。有一个窍门分享给大家，刚进去的时候，大家都是从第一个项目开始玩起，人都集中在一块，需要排很长的队，这时候后面的项目人很少几乎不用排队，把顺序反过来就可以节省很多时间。一天玩了14个项目，感觉还是很值的，玩刺激的之前先热热身，不然小心脏会受不了哒~,M55****099
2017-02-07,"整个乐园主打中国风，经典项目确实刺激，其它项目没迪士尼的科学含量高。
孩子们比较喜欢，亲子游不错的推荐。带孩子来玩从左边玩起，因为有七彩乐园主要就是给孩子玩的。
园区正餐从量上看，比迪士尼分量多，味道伯仲之间。
淡季游人较少，基本不用排队感觉很好。",饺儿
2016-10-08,玩的很开心，但是园内很大，走的很累，项目真的很多，还有好多没有玩到，那三个过山车一定不能错过，最喜欢竹林绿蟒，但是国庆人真的好多好多，每个过山车都排了将近一个小时的队，鱼跃龙门不管上午下午都要排两个多小时，环境很好很漂亮，而且园区工作人员服务态度都很好，个人感觉云霄飞车比直冲云霄（跳楼机）刺激很多，失重感更剧烈，如果先玩了云霄飞车会感觉之后的刺激项目都能够接受了，但是凤舞九天真的很晕。还有一点，那儿卫生间挺多而且很干净,M35****256
2016-10-06,这里象其他主题乐园一样都是给青少年儿童们游玩的好去处。南昌万达乐园分六大片区，有世外桃源、竹海秘境、云霄仙阁、仙女奇缘、鄱阳渔家和五彩瓷都。每一个片区都有他各自的特色。但每个片区都有游乐设施、商店、餐饮店，大部分片区都有演艺剧场。很多游乐设施让人心惊肉跳、头晕目眩。大部分剧场演出的是短时间的情景剧。,秋天
2016-10-06,王校长家的乐园，还是挺震撼的，尤其是六点半的喷泉烟火秀，确实很美，让门票价瞬间超值了。另外游乐设施，云霄飞车和大摆钟还是很刺激，心脏忽上忽下，那种嘶吼有种把城市里嘈杂生活宣泄出来了。只可惜买了雨衣，因为人太多，没体验到峡谷激流,M25****777
2016-08-22,去的有点晚，就玩了几个项目，云霄飞车真的超刺激的，下来的时候头晕眼花的，手脚还发抖，还有竹林绿莽木制过山车也是刺激时间很长，值得挑战，还有一个过山车我是实在不敢去挑战了，希望下次再去，还有鲤鱼跃龙门去太晚了，没玩上，有点可以，其它小项目也还不错，小孩子玩的有室内的，有空调吹，哈哈哈。。。。,亖亖
2016-08-17,从湖北去江西旅游。一行十人。游乐园这种东西还是不适合人多去。里面挺大的，基本每个项目都要排半个多小时队。水价是外面的五倍。饭简直不用说，一碗鸡腿饭，三块土豆，两块胡萝卜，两片腌萝卜，一个鸡腿，一坨饭。四十五。玩水挺好玩的，最好穿凉鞋，短裤。,_WeCh****03859
2016-07-11,很值票价，坐公交也很方便，建议多带一点水，而且是未开封的，里面的东西很贵，饭都是四十多左右，水是五元一瓶。木制过山车一定要坐，特别刺激，建议在下午3点后乘坐排队的人会很少，我们最后去玩的木制过山车没有排队直接玩了，很节省时间。建议在外面买好雨衣，如果要玩水上项目的话，里面的雨衣要二十，外面的五元一件。,_CFT01****0734519
2016-06-08,一切都喊还可以，并不是不能带东西进去，而是东西不能开封（水也是），里面的物价太高，水都5元。娱乐设施都可以，大摆锤、竹林绿莽、翻天覆地（建议最后玩，玩完胃难受）4星，跳楼机、龙飞凤舞、凤舞九天、直冲云霄5星。总之都还可以。（图有点不好不要吐(&#160;ｰ̀εｰ́&#160;)）,_CFT01****0565187
2017-08-13,非常值得一玩，项目多而全面，大型刺激类项目玩得很有感觉，心跳加速，失重，头晕，脚软，尖叫。应该是国内为数不多的游乐场了。,星际海空
2017-08-04,总体不错，但晚场很多设备都关闭了，有点可惜。建议在6.30之前把该玩的项目给玩完了。特别是仙女奇缘场，6.30就会关闭。 不过总体来说娱乐性很不错，乐园里的商店也没有很坑，价格还算平价。另外晚场的声光表演很不错，值得一看。,M22****8723
2016-10-06,我去过不少乐园，没去过迪士尼，给点比较。我10-5日去的，住万达美居，算附近比较便宜的，400多。然后去的早，安检都没来，所有自己的东西都带上去了。就到门口了，把不需要入园的包包寄存，携程取票输入验证码，机子很多，一下搞定。带我118身高的女儿入园免费。跟其他乐园比较就是电影比较多，我总是错过时间，因为不想在一个地方专门等电影。还有3种类型的过山车，好多人不敢坐好不好。这个不会太拥挤。其他的没啥特色，没有摩天轮，没有缆车，本来都打算带女儿坐的。小孩玩了七彩天地，水战，漂流，开始以为仙女奇缘里很多她玩的，结果也就是简单的木马（只开放一层）等没啥乐趣。稍微刺激点都玩1米2以上，最后玩了空中漫步和大青虫比较适合她。总结一下，就是和其他乐园比没啥优势，过山车多？大部分项目人多如狗，远不像其他乐园很快，应该是没有搞流畅的原因，比如北京欢乐谷人也多啊，但排队很快！国民公公说什么20年2不让迪士尼赚钱，那也只能是迪士尼自己的问题，跟万达乐园没一毛钱关系。凭这种水平，就是一般的乐园儿子，国内乐园多了去，没听谁吹这个！,亘亘
2016-09-04,游乐场内光过山车就好几个，各个项目玩下来后，发现我竟然能叫出这么高的音，进园外面会有人兜售雨衣，说5元一份，园内20元一份，我们是在园内买的，其实只要10元，但是质量觉得比5元的好太多了。跟去过的杭州乐园、苏州乐园比较起来，真的好太多了！,D49****43
2016-07-13,主题乐园玩的项目挺多，就是排队基本上都要一个小时左右，儿童有身高限制，周二去很多游玩项目只开了一半，跳楼机两个过山车和凤舞九天挺刺激的值得一玩，还有一个漂流也还不错。海洋公园就凉快多了，三点和五点分别有一场一样的表演，如果是购买套票的小伙伴留一个半小时足够逛海洋公园了～,Lynn
2016-06-25,这里真的非常值得去！里面玩的太多了，而且有很多还是全国之最呢！什么迪士尼都弱爆了！这里每一处有一个故事，都是一副美丽的画卷！让你目不暇接！每天都有一场全国之最的花车表演，两场全国之最的杂技舞蹈表演，好多场外国人的乐器欢迎曲表演……每一个都会让你兴奋的尖叫！,M38****137
2016-10-03,万达园里的云霄飞车和竹林绿蟒最值得推荐给大家，是很据挑战性的项目，万达园是解压休闲的好去处！棒棒地！就是十一长假人太多，玩这些项目需要2个小时的等待，不过玩过之后还是觉得花这点时间排队还是值得的。,152****0777
2016-06-08,值得一去，三大过山车很刺激！！冲上云霄-让你体会心跳瞬间停止的感觉。龙飞凤舞-最快的悬挂式过山车。竹林绿蟒-从头到尾心跳加速！接下来还有大摆锤，跳楼机等等都很刺激，最满意的是都没排什么队！,丸子大人-
2017-05-02,王健林的大手笔，在南昌造了一座城，一个万达广场荗，三座大酒店⋯⋯更是破天荒的造了一个大游乐园，据说是要挑战迪斯尼乐园，硬件项目确实不错，大有超越可能，只是外围文化包装仍需进一步发展提升。,木之源为草
2018-05-19,在南昌出差住到了万达铂尔曼酒店，穿过了旁边的万达茂就到了南昌万达主题乐园，据说这里是花了很大的精力又加上重金打造，且融合本土特色的主题乐园，里面有诸多的亚洲第一和主题景区，过山车和主题表演都吸引了众多的游客。这几天天气异常的炎热，加上又是独自一个人，缺少了一起去游玩的乐趣，所以只在外面逛了逛，值得一提的是，虽然主题乐园到处都是宣传打击黄牛的广告，但是沿途的黄牛依然是众多。,善了哉的
2017-10-26,还不错啊，今天不知是不是赶上中小学生秋游日，超级多的孩子在里面，不过排起队来还是很快啦，万圣节快到了呀，所以里面有很多装扮很好看的。晚上万圣节晚会，不过因为同行的朋友晚上又事情所以没有呆到晚上。还有很多水上的项目都在检修略有点小遗憾，鬼屋有真人在然后叫他不要吓我们，还把头套摘下来啦哈哈哈哈哈(ಡωಡ)hiahiahia 特别耿直的小哥哥。,_WeCh****303191
2017-02-01,买的夜票里面有个很大的儿童乐园小朋友在里面玩得很开心凤舞九天很惊险刺激过山车和大摆锤没坐还看了喷泉秀发现喷泉和烟花很配啊总之景色很美很值,_WeCh****96502
2016-10-16,比上海的锦江乐园规模大，游玩的设备较多，适合孩子们玩，对60岁以上的老人基本上没啥可以参与的，只能坐等看演出，里面方向指示牌不够齐全，找不到出口，且食品贵。,138****6548
2016-12-31,因为是跨年，所以人特别特别多，里面的项目，又刺激又浪漫，悬挂的过山车十分有趣，人流大的时候，一个人气项目要等一到两小时，夜晚的景色特别有魅力，值得情侣出游或者和家人朋友一起。,_WeCh****16234
2016-06-09,还可以的，地方很大，要走太多路，建议搞个车，乡动物园一样，累了可以坐车。那个碰碰车，100厘米的小孩就可以玩就比较好，因为比较慢……,_CFT01****9409595
2019-02-12,首度实现世界级主题乐园元素与中国传统文化的融合，多项设备全球专利、万达专属。南昌万达主题乐园由竹林秘境、云霄仙阁、鄱阳渔家、五彩瓷都、仙女奇缘、世外桃源六大主题区组成。,徐霞客之旅
2017-08-08,携程上买票方便快捷还便宜了好多，我都是对比几家软件下的单，很划算，到了万达有自动兑票机，输入兑票码一下就能拿到票了。今天不是周末但是排队的人也很多。项目都很好玩！南昌万达三大过山车真的超刺激，门票是通票几乎都能玩，很不错的。一天下来差不多都玩了，下次有机会跟朋友再一起来！,M23****4464
2016-10-09,在酒店订的三园联票……结果比网上买还麻烦……不能在自助机上取票……也没人告知……等排了很长的队后发现取不了后才被告知要去售票处换票……又排了很长很长的对去换……真是折腾人……,菱蓉
2018-10-03,好玩，好刺激哟  元霄太恐怖了不敢玩。刚开始去玩丛林巨莽的时候有的时候，有个老外在我前面排了老半天的队最后伦到他的时候居然身高太高没让玩哈哈哈哈，白排了老半天。晚上灯光好美的,梦中人you
2016-11-20,去的那天下了一些小雨点，但运气好的是不影响大部分游玩设施的运行，把所有最刺激的项目都玩了至少一遍。尽管下雨天，但很多游玩设施还是有很多人排队，最喜欢丛林绿蟒，凤舞九天，跳楼机，不一样的刺激。,_CFT01****4945502
2017-01-03,头朝下的过山车让人坐的怀疑人生，其他的还不错。跳楼机失重感很强，丛林巨蟒过山车时间长，但坐在坐第一排缺点刺激感。总体来说很不错的,蓝草1
2017-09-27,"很早就来了，但人依旧很多，在门口排队很久才进去，幸运的是携程买的不用取票，只要给工作人员看一下短信然后删除就行。项目很多，主要分三条主路线，云霄飞车等热门项目人特别多，基本没两个小时是玩不到的，所以放弃了，旋转木马，天女散花等人比较少一点，本人也不太喜欢太过刺激性的游戏，所以感觉还行。
出来是下午一点半多，发现入口处人很少，取票什么的都很方便，完全不像早上来排队排很久才进去。推荐可以下午来，没那么拥挤，最好提前了解一下路线，会更方便。
Ps.雨衣可买可不买，因为很有可能你没耐心排这么久的队去玩。",_CFT0****0955
2017-09-26,人超级多，排队两小时，玩耍两分钟一天下来也就玩了八个项目，竹林绿莽挺赞的，还有鱼跃龙门，透心凉！好多特色项目没要到，好心痛。自费玩了个冰雪奇缘，建议穿短裤的女生们别进去了，很冷......嗯，乐园里面表演挺多的，也蛮有意思(听说，没看忙着排队)总体来说这里还是挺值得去的，不过千万千万千万要避过高峰期！避过高峰期！,M23****6171
2016-10-12,太大了，太给力了！过山车就有三中，绿蛇木质结构的必须玩儿，真的太爽快！还有那种跳楼机，一秒钟升天落地呢！想想都给力只是我不敢玩儿，其他的大项目基本上都玩了！至少得一天才能玩儿透…,蜡笔小小小鑫
2017-08-19,"这里好玩，真得好玩，挺刺激的，大家很值得来挑战一下哦！各种各样的，应有尽有，大人，小孩，老人，都可以玩，更重要的是，玩累了，
还可以尽情的享受南昌美食…",_WeCh****40015
2017-04-30,大湖秀不错！小孩子玩的东西也ting多！海洋公园说是亚洲最大的，确实很壮观！小孩子非常开心，认识了好多鱼！关键是携程订票确实便宜！,158****5983
2017-07-31,还不错！玩了下午午都不够，可能是下雨的缘故吧，有些玩不了，但整体还可以！服务人员态度也很好。玩的都挺开心的，就是走的累了点！哈哈,M22****0649
2017-11-24,淡季人很少，几乎包场，设备较新，就是网上订票需要招导游取票，不方便，门口黄牛多，他们的票（&#165;150）真实性不确定，不过现在还是有人买的，小孩玩的开心就好！,M56****416
2017-08-16,龙飞凤舞，爽，玩到吐，爬回家，建议最后再玩。不过，工作人员会劝你不玩，我就没玩，身体虚，没办法，建议人少时去，秋冬二四人少,M22****1958
2016-07-12,游乐设施齐全，项目多，老少皆有合适项目，从早上进去到晚上出来，孩子意犹未尽，特别是烟火晚会，很精彩。也许避开高峰期会更好。,M22****809
2017-09-27,去了3次，这是最便宜也是最累  玩的最少的一天。一天就3个项目，以后再也不参与这种会员节之类的票了，心累。之前都和包场似的。,M23****1939
2017-03-29,我大概三点左右的样子到了万达茂，先去验票，四点钟才能去游乐园，然后就先去了飞跃江西，还不错，四点左右进了游乐园，没什么人排队，还挺好的，六点钟就关闭了所有项目，六点左右，我就出来了。我很纳闷为什么六点钟就关闭了所有项目，我已经六点钟才进园刚开始玩呢。,_WeCh****74394
2016-07-29,7.28去的，虽然好热但是去玩的时候还好，不会感觉非常热。人不是特别多，不用排好久队。玩水上项目一定要穿好雨衣，不能很容易湿身。我们大大小小的项目玩了15个。唯一遗憾就是神龙摆尾和龙飞凤舞的过山车一直检修没有开放。,M88****51
2016-07-12,挺不错的，就是没有什么地方遮阳。景点里的东西不算贵，工作人员服务也很好。自己可以带吃的东西，但是一定要记住水不能打开。在主题公园玩完后还能去万达茂逛逛，晚上直接就能住在旁边的宾馆，总之，一站式服务，很值得一玩，一定要早去！,Kevin熊
2016-07-29,电影乐园里飞跃江西挺不错的。其他的就一般吧！海洋公园看了海豚表演还不错。水上芭蕾舞没有让人有点失望。和老公还有妹妹一起去玩的。人多，闷，累。坐的地方也没有,Alisa
2017-07-29,海洋乐园很值！有海豚表演！买的是联票，主题乐园最近太热了不太适合玩，而且好几个项目都没开，建议温度不高的时候去还是不错的，还有那个竹林绿蟒真是太刺激了！值得玩！就是有点猛第二天脖子都疼死了,未来不会来
2018-08-13,玩的项目够多，刺激的项目也有好几个，值得去玩，只是人多时候，排队够呛，天气太热的时候，水得带够，要不里面买水喝得花上百元了。,M28****6469
2017-07-22,木质过山车太刺激了，终生难忘啊。来到园区门口的建筑十分气派，进入园区仿佛来到了游乐王国，流连忘返啊，十分有乐趣，唯一不满意的地方就是吃饭太贵了。,_CFT0****2314
2016-06-01,三大过山车，各个区域主题鲜明！主要宝宝玩的在室内，非常值得一玩！,134****8338
2017-10-04,如果好多次了，都是一百多的票，这次19.9确实便宜，可是去那儿都是看人，排队都排死人，总共玩了两个项目。不过那么热的天，那个零下十八度确实好玩,M23****6782
2017-07-20,去过上海的欢乐谷迪士尼，感觉这里的性价比还是很高的，人没那么多，等待时间短，项目也很刺激，和小伙伴一起去毕业行是不错的选择,_WeCh****632848
2016-06-11,还可以 就是没有想象的那么好玩而已 就当是一次亲子活动吧 体验了一把 而且还碰到大雨天 户外的的设备都没有玩过了,205****776
2018-10-04,"相对于万达海洋乐园而言，主题乐园好很多，同样，千万避开节假日，否则任何一个项目，排队一个小时是家常便饭！
乐园本身环境不错，就是如果家有1.1米以下的小孩，奉劝各位就不要去了，因为基本没有可以游玩的项目(七彩世界除外，如果想玩，可以去专门的亲子乐园，比这里性价比高多了)!
1.1以下的小孩不能玩，究竟是真的为了小朋友的安全考虑？为何需要另外付费的卡丁车项目，就不会限制身高？只要付钱即可？
夜景还不错！",静静
2017-11-29,这时去划不来，很多项目在维护没开放，里面还有小项目得加钱才能玩，周五去的，很多小孩闹哄哄的，年轻很少，竹林绿莽没开放，不过云宵飞车很刺激,_WeCh****460569
2017-06-13,非常好， 特别是飞越江西很值得一看，云霄飞车真是让人又害怕又惊喜，不过游玩的时候一定要注意安全！,M22****8457
2019-03-11,竹林绿蟒和云霄飞车实在值得票钱，基本代表中国过山车顶尖水平。除此之外和普通游乐园无太大差异，淡季去人也非常少，表演什么很难调动起气氛。但是工作人员的态度都非常热情，值得点赞,M30****4098
2016-10-02,去的前一天晚上手机没充电，所以第二天玩的时候没有拍多少照片，国庆节去的，竟然人不是很多，项目不用怎么排队，三个过山车都玩了，很好玩，很刺激，游乐项目有好多，挺好玩的,M27****668
2016-05-03,怎么说呢，不错吧，刺激建筑群有特色，挺喜欢的,_CFT01****9464763
2018-09-01,等待两小时就为两分钟，人特别多，风景挺好，一天最多也就玩10个项目，带水带水，里面的饮料特别贵，当然土豪随意，里面的丛林绿蟒可以试试，特刺激，当然心脏不好，别玩，,拾柒丨
2019-01-04,"感觉很不错，玩的东西应有尽有。周日带女儿玩了一天，早上9:30门口排几溜长队直到10点才进园。然后又排队一个小时玩了凤舞九天，那几分钟的感觉真是好刺激接下来还玩了龙飞凤舞（实在惊险不建议小孩子玩）它像拧麻花一样打着滚的上蹿下跳，不愧号称国内最快的过山车，别说女儿连我都有点害怕咯后面我们还玩了神龙摆尾，翻天覆地等等很多项目。尽管直到下午5点多才出园，也只是大概玩了三分之一，毕竟整个园区太大还有很多定时的舞台表演都没看园内布局合理环境不错非常干净，便民措施也很到位，就是食物和水的价格比较贵，但是能够理解工作人员都很热情尽责，比较危险的项目都能做到控制进场和反复核查安全措施总体来说感觉比较满意，万达主题乐园——值得一去滴地方特别提醒：可以带未开封的食物和水进去，很多项目要排队尤其是大热门，很多项目限制身高孩子太小的玩不了。

全文",M55****808
2018-11-29,"年轻人淡季有半天就够了，我们是11月下旬去的，基本不用排队。没有预想的好。
进园前被园区外面的老太太忽悠买了雨衣，结果里面的水项目都不开放。
一进园区照相的套路太讨厌，穿的很正式，戴着万达工作证，说免费留纪念出园取照片，心里顿时对万达好感倍增，结果出来的时候先给你大照片收费30元，像素还超级不好，问他免费的呢，结果拿出来邮票大小一张说这是免费的。",牧人丶C
2018-10-03,恕我直言，有点点山寨的感觉，可能是因为第一次到三线城市玩主题乐园。不过有几个游艺项目孩子还挺喜欢的，比较刺激又不太害怕。,青梅子306
2017-10-07,环境很干净，国庆期间游玩人较多，但好在排队的时候未超过1小时。游玩的项目很多，刺激的，一般的都有，适合各年龄段的孩子。但总体上刺激的项目偏多，更适合大孩子游玩。乐园很大，项目又少了，一天玩不了太多项目，我们早10点半入园，6点离开，玩了7个项目。,乾隆八下
2017-08-08,里面的游乐设备还是挺好玩的 挺刺激的  玩的很开心  就是里面的食物和水 太贵了 五块钱一瓶的冰露。饮料十块钱起步。一个饭 四五十块钱，这个真的有点坑。 建议自己带水 食物不需要太多 玩嗨了 不会想到吃。要玩越龙门的 一定一定在外面买一次性雨衣 外面十块钱四件 里面十块钱一件！！！  总体来说玩的很开心 很解压,M23****5580
2017-08-05,"全国最高最快的过山车
全国木质最长的过山车
跳楼机
满足了
但是坐过山车的时候，为什么我感觉脖子快要脱节了，是不是平时扭脖子扭太多
 过山车做够了 以后不要再轻易尝试了[捂脸][捂脸][捂脸]因为真的吓人",M23****9219
2017-07-28,这是第三次来万达茂了，虽然今天天气很热，但是还是抵挡不了游玩的心情，这次是带妹妹去游玩的，妹妹一直想去玩，她也玩的很开心，今天好像还碰到了特别的节日，很新颖，里面的项目还是那么刺激，我妹基本上都玩了个遍都不闲累，她说下次还要来玩，这个时候买夜场票挺好的，不会像白天那么热，到了晚上还有节目和喷泉看，很美，工作人员都很热心，很有耐心，就是每次看到工作人员都是很黑的，在这高温下还坚持工作着，这要给他们一百二十个赞，希望工作人员在这高温下不要中暑了，多喝点水，还有啊，就是里面的食物太贵了，这个热的天就多备些免费的水，这样就不用带水进去了，很累的，朋友也可以去玩玩，游玩项目都还不错。,M38****474
2016-07-24,今天还是有很多不怕中暑的人，光排队就花了我一半的时间，下面我来说说攻略，可能会帮到你，出发前带好几瓶未开封水，里面的水卖5块，零食也可以带，把零食放在包包里面，最好穿凉鞋，因为有些玩水的游戏设施，还要买一次性雨衣，在门口有卖，10元3件，在里面买10元一件，另外还要带扇子，因为排队的时候真滴好热，如果还有没买票的小伙伴，可以过了高峰期，就是在8月25号以后再去，会便宜一些，我就帮到这里了，里面的游乐设施自己就任意发挥了，感到庆幸的事，是我在里面闯了鬼屋，一直都不敢的，我弟弟被我吓死了，他本来不怕的，被我的叫声给叫怕了。[呲牙][呲牙]总的说来还是不错的。,嗨小青666A
2016-06-11,这是我们江西人的福利，园内玩的设备多，地方大，环境很好，服务态度很好，值得一去。,118****845
2016-08-29,很好玩啊，人超级多，没想到会有这么多人来玩，的确很好玩，海洋乐园太新奇了，看到很多从来没看过的，电影乐园能玩的比较少，不过那个穿越江西真的惊呆我了太棒了！！！,M44****529
2016-05-04,可以去玩一下，挺不错的，一些项目挺不错,_CFT01****9464763
2017-08-07,很可惜没有到竹林绿蟒 云霄飞车超级可怕 有胆量的可以试试 到鬼屋的时候全程闭眼尖叫估计鬼都要被我们吓死了 总之还是非常好玩非常刺激 而且一定要做好防晒准备 不然会晒伤的,M22****9663
2017-06-04,五点钟进去玩了两个小时。其实也挺好的，没什么人排队。玩的蛮开心的！只是里面太大，走了很多弯路。有的项目还来不及玩。下次有空还会进去玩哦。,M22****5030
2016-07-04,挺好玩的，很多项目而且有几个项目真的是非常非常有挑战性的，好几个人去的，因为男朋友恐高所以就玩了一个刺激的项目 玩了好几个小朋友玩的 其他人把项目玩的都差不多了,M40****738
2016-08-17,"值得去玩的一个景点,竹林绿蟒、云霄飞车、鱼跃龙门、凤舞九天等都很刺激,有些因自身原因不能玩,可儿子玩得很带劲,就是玩的人太多了，大多要排一个多小时的队,听说下次还会开通水上游乐项目,有机会再去。",zhanghong
2016-06-24,主题公园内的娱乐项目非常的刺激，结构规划和景色也都很好。公园外的万达茂，里面有很多好玩的和好吃的，也特别的有特色。,海鱼在飞
2017-08-30,两个小人玩的都好高兴呢。他说下次还去。特别是7月7号七夕节，特别壮观,M22****6333
2016-06-18,过山车好刺激，等了三个小时，尽量不要在高峰期去,M39****806
2018-10-29,"首先取票就遇到了很多麻烦，在网上订的票需要根据各个网站设置的独立站点取票，很麻烦，没有秩序，而且双人票和单人票还有家庭票并不是在一起取的，等于要排两次队取票。
进园区后太多另收费的项目了，完全影响体验感，最主要园区的服务态度也很差，园区人多很正常，有些工作人员实在是没耐心。",缓缓飘落的枫叶
2018-08-06,200多元，玩一天还是可以的。周日上午10点进的园，下午6点出来的，周末人确实多，一上午就玩了两样，其中一个木质过山车排了一个半小时的队，体验3分40秒，不过确实很刺激，心脏受不了啊，下午玩了一些小项目，感觉工作人员很敬业负责。建议大家入园后可先玩人少的，多往里面走，水一定要带够，每人两瓶是标配！里面5元一瓶。雨衣外面5元，里面10元，我买了也没用上，玩漂流要拍一个小时对，其实可以从地上检别人用过的雨衣，买一个没必要！最后想说网络取票地是后娘养的吗，不在显眼位置，还要往厕所那走30米，也没人维持现场秩序，工作效率很底下，兑个票至少半小时，与此同时，现场购票窗口没几个人，难道网络购票就不是票吗，为什么不能跟现场买并在一起，超级无语，这点印象很差！,136****6061
2017-03-26,去的那天天气很好，最重要的是园区人不是很多，每个项目排队时间很短，还有的基本不要排队，比较适合小朋友游玩。园区不是很大，每个项目挨着很近。,266****128
2016-05-02,操他妈，说是不许带东西进，为什么别人能带进去，却偏针对我不让带，害老子浪费百多块钱零食，让老子寄存又爆满没地方存，然后放保安旁边答应守着，出来去拿又说搞卫生的阿姨扔了，要钱不要脸,邪少爷
2018-02-09,开车两千公里过来，携程提前预订的票。没有想到取票困难重重，这个工作人员真的非常不友好，流B的很， 问话爱搭不理的，什么玩的心情都没有了。花钱受罪，真想不到万达的员工是这样的素质。,水风
2017-08-03,第一次去南昌万达主题乐园。作为家门口的游乐设施，我们很为南昌人自豪。 木质过山车非常有特色。三伏天进冰雪世界，那叫一个爽。有机会还会来玩。,M23****3184
2017-02-05,万达主题乐园是孩子们的乐园，里面有许多游乐项目供孩子们玩耍，宝贝们来到乐园，都不会说累了，个个都生龙活虎的。可把我们这些大宝贝们累趴了。,雾里看花_123
2017-11-01,"云霄飞车很刺激
但是晕车者慎入
还有应该是鱼跃龙门吧也很好玩
碰碰车哪的游乐场都有
节假日游客挺多
建议平时去
不要在节假日蜂拥而至",浅淡奔
2018-12-15,整体还不错，地方很大，环境也很好，游玩的项目很多，建议平时去，可以省去很多等待的时间，项目太多最好分区选玩，下次再把没玩过的再补上,M60****234
2017-09-16,玩的项目很多，惊险刺激的没敢玩吃的东西很贵，建议自带干粮，水上项目比较好玩，最好不要错过，里面，总的来说还不错,M23****612
2017-07-07," 超好玩的！！！！！！超喜欢可惜没到晚上看烟火秀，几个小孩没计划好，只能下午走可是真的好好玩以后还要来，携程的票便宜蛮多，万达门口哪里票贩子都要170,携程是正规渠道的票。",携程用户
2016-07-07,挺不错的，孩子们都很开心，比迪斯尼实惠多了，里面的食物比较贵，可以自己带吃的进去，只要不开封就行。几个过山车是亮点，必须体验一下！,151****7714
2016-12-21,有好多的游乐设施，特别是过山车，好刺激，好好玩，从上午一直玩到下午都还没有把所有项目玩遍，而且所有项目都可以重复玩，值得去体验。,M25****530
2016-10-18,这里一票通玩里面所有的娱乐设施，品种多多，体验多多，趣味多多，实惠多多！里面有世界最高的冲上云霄过山车，世界最长的木制过山车，以及各种美景和美味！,M45****085
2016-10-02,玩图一就排了一个多小时的队太多人过山车5点多就关了跳楼机也没玩到一天玩不了多少东西下午去的玩了差不多4个就玩了两个不过挺好玩的,M46****718
2017-04-17,非常好玩，过山车什么都刺激，飞越江西最好玩，非常值得去玩，工作人员的态度也非常好，吃的东西多，玩的东西也很多，大人小孩都满意,M59****592
2017-02-03,园区很有中国特色，我和孩子年初六去的，有庙会，地方小吃和各种民间表演，很热闹也很有年味，游玩项目也很紧凑而且排队人不多，玩了一整天都不觉得累，,_WeCh****68129
2016-11-04,项目好多，太刺激了，想来的玩的朋友做好准备.一定包你满意.................................,M27****373
2016-07-07,不错哦，竹林蟒蛇很刺激，叫声连片。也有很多宝宝玩的项目，宝宝挺喜欢玩的，食品未开封的是可以带进来的哦，里面的水5元一瓶……,151****1715
2016-05-31,不错的体验，项目玩的很刺激，有些项目还玩了几次，最刺激的还是木质过山车，悬挂过山车被打的头疼，中体不错，不可多得，服务态度很好，就是有几个没开放，可能是星期一吧！,M38****682
2018-11-03,玩了一整天，上午还是阴天，下午就开始下雨了，很多设备都在维护，来的时间不凑巧啊~而且白天设备开放是按时间段的，有的全天开放，有的只开俩小时，夜场也没什么可玩的了，本来夜场也能玩到9点的，我们6点就溜了，周五人也很少，所以能玩的项目都不用排队就可以玩，我们俩个人工作人员都能开设备玩了，哈哈包场的感觉~乐园里面不让带吃的，里面也没什么小吃可以买，美食街都关门了，一开始只有20块钱一根的香肠，没过俩小时，香肠都收摊子下班了，饿呀~感觉还是武汉的人多啊哈哈~,ggaiCC
2018-02-17,差差差！两百多一个人的门票，里面还有一半的项目要另外给钱才能玩，就算里面全免费我都觉得不值这个价，作为一个旅游城，过年应该加多表演加多项目搞搞气氛，他倒冷冷清清，一点欢乐气氛都没有，一个像商场游乐场的儿童乐园，玩十五分钟就要清场，过一个小时才再开，刚开始玩就要出来了，一点不尽兴，还不如花几十块去商场的游乐场，还能玩一天，我肯定不会再去了，这是我见过最最差的乐园！！！,320****487
2017-12-24,最垃圾没有之一，因为不可抗力因素超过取票时间，居然不给解决方案，不退钱不解决，一句抱歉有个屁用，人不多的时候还是不要提前订票了，售票处门口有的是买多了票的，或者票贩子，便宜到无法想象，而且夜场的时候好多项目都不开，晚上灯都开的不多，黑乎乎的，网上订票完全不值这个价格,_WeCh****173405
2017-11-09,"里面的大型项目镇真的很棒，比如:竹林巨蟒，翻江倒海，冲上云霄等等太刺激了！然后鬼屋也够给力，多少人被吓出来了！不过也没那么恐怖，还是胆量的问题。其次，水中项目野也好玩。反正是一次非常划算的旅行。重复一篇，里面的娱乐项目不会收钱。啥不说了！付图
值得你们去玩。",M22****3851
2017-10-12,"万达乐园在南昌绝对可以说是最值得一去的游乐园了，比什么南昌之星不知道强了多少倍，游乐项目超级多，但注意一定要有活动的时候去，切记切记。不要买日场，买40以下的夜场，不然会很亏。给一个攻略。
1，4点钟的时候准点入园，门外买好雨衣，可以还价可以还价可以还价，重要的事情说三遍。先去水上项目，激流勇进，鱼跃龙门。然后过山车开进，能玩几个玩几个，末班过山车6点20。之后凤舞九天，跳楼机。最后大湖秀。",明朝清风
2017-09-27,主要是带孩子去的，孩子玩的很开心。儿童剧、花车巡游、灯光秀也算诚意之作。和刺激的游乐项目相比，文化观赏类节目相对冷清一点。而对于想挑战自己的成人来说，由于一些热门项目排队人数太多，就只能做好取舍了。另外，景区卫生餐饮都不错。,moltenblue
2017-09-26,吐槽下，超级后悔去了，人超多，超长排队时间！携程上搞活动19.9票，以为周二应该没什么人去，结果很多人，景区也不限个流之类的，中午12:30到的，就玩了跳楼机和那个啥来着，都在排队侯着，过山车都没时间玩！,M23****7342
2017-08-17,玩的都是升升降降，冲冲转转，建议丰富一下,159****6626
2017-08-10,9号就在携程网订好了票，10号大清早赶到南昌万达停车场，停车场停车很方便，车位也多，，到了售票DI中心，输入取票码很方的取到了票中心旋转木马让儿子高兴不已，花仙子也挺好玩的，云霄飞车和直冲云霄也坐了，云霄飞车体质不好的人建议不要坐，太吓人了,M23****4798
2017-08-09,在携程上订票方便省钱，到了万达门口有自动取票机很方便，万达三大过山车都体验了一遍，超刺激。剧场表演也很好看，游乐园很大，玩了一天项目几乎都玩完了，带着一米四的妹妹，胆子都很大，除了第二大过山车她不能玩，其余的都体验了一遍，下次有机会还会再来玩的！,M23****4464
2017-08-05,过去第一个和朋友们玩儿的就是云霄飞车，老刺激了，强烈的失重感持续几次，坐到后面整个人手脚发麻，不过下来就好很多。之后又去玩儿了其他的项目，里头是真心大，上午十点半到的下午五点半出来一共玩儿了八九个项目。遗憾的是没有玩儿到水上设施和冰雪大世界。走了一天一直在一小块区域游荡,_WeCh****07081
2017-07-22,去的时候天气挺好，只是被太阳晒的热的不行，不过玩的挺尽兴的，没有很多人，两个过山车都体验了，龙飞凤舞去了就直接玩了，丛林绿蟒去年排了一个半小时的队，今年就等了二十分钟，还有云霄飞车没开，神龙摆尾，直冲云霄没敢玩，看到就怂了，还有里面的梦幻冰雪世界特别爽，零下18度，在里面呆了十几分钟整个人就快冻住了，不过出来奇迹般发现把在玩龙飞凤舞时给扭伤的脖子给治好了，中午没在里面吃东西，真的是被热到没心情吃，这个天气出去玩还真是扛不住，和朋友两个人去的，下午两点多钟就从里面出来了，去万达茂吃了点东西逛了会街，回来也方便，850路直接坐到最后一站地铁边上，一天下来也是挺不错的，就是整个人黑了一圈……,清茉e
2017-05-08,那晚上的票，超级划算，新用户还减30块，那就是9块钱，随便玩，还可以看飞越江西和大湖秀，没啥人，大项目停了，其他不排队超级爽。31号前还是这个价格，叫我雷锋哈。,晨曦初露1216
2016-10-17,总体来说玩的还是比较多样，但是想一天全部玩个遍，那就要考验体力了。园外很多本地农民在兜售优惠门票和雨衣，感觉有点像早期火车站拉客的。游乐场是建好了，管理还是挺考验人的。知识性似乎弱了一点，很难再来第二次。,康定灌婴
2016-10-06,和迪斯尼有差距是肯定的，游乐项目都很传统，各大乐园其实都差不多。还有国庆人太多，排队要半个小时到两个小时。主要就是来看晚上的灯火秀，这个也是大多数人关心的，估计两百多的门票这个就值一百了。我看的是6点半场的，具体时间可能会变动，不能错过。,我思我不在
2016-09-18,写个见闻吧，进入之前要搜包，自拍杆熟食不让带，但是，可以放在包包最底层，他们不是一个个翻出来看的，只是大概看一眼。里面的饭超级难吃，48一碗的牛肉面，就是白水煮面条，超级难吃！最好自带零食或者方便面。里面的水5元一瓶，建议自带。对面万达超市一块钱一瓶。带孩子的进门最好先租个童车，方便的很，童车带锁记得要，去看舞台剧了什么的时候车往栏杆上子锁，可方便。租车押金300，费用一天30。木质过山车，坐的时候一定注意自己的脖子，要知道99.9码的速度不是吹出来的，脖子到现在还疼。超级刺激……值得一玩！,Missall
2016-07-24,"无任何亮点，游乐场嘛也就那点东西。有个项目叫鱼跃龙门，别听名字好听，这个项目在中华恐龙园叫大海啸，南京汤山水世界也有，所以此园所有项目大部分游乐园都有，只有小差别，你的过山车高几米了，你的碰碰车大几寸了，我操高几米有什么区别，过山车是木制的还是铁制的有什么关系。
这一段开始吐槽，我带儿子于2016年7月23去南昌万达，首先这个园子是9点半开门，7月23日是个星期六，暑假加星期六，它9点半开门，可以看出工作态度了吧！第二，9点开门，我10点20才进园。50分钟，操我不是残疾人我能正常的走路，这50分钟我居然是在等前面的人检票。干你娘还能开吗，开不了就关门。就几百人等着检票，有两个团队票检票口，三个散客检票口，居然花了50分钟。等我快到检票口时我特意看了一下他们是怎么检票的。我看到检票员把票往仪器前靠了四五下，然后再看看票上的内容，然后再看看人，最后再把票根撕下来。这下我知道为什么这么慢了。
然后我带儿子玩到一个叫云中漫步的项目，我排了一个小时的队。到队伍前我才看到，该目一辆车两个人，但是只有一个工作人员。先放两个人上车，然后她再去帮两个人检查安全带有没有系好，再按电闸，再说一下注意事项，然后再放两个人进去，我操这他妈能不慢吗。后面玩一个峡谷漂流的，又排一个多小时队，y反正一天没玩几个项目，尽排队了。我后来大概留意一下各项目排队时间，好玩一点的基本在1~1个半小时。别看门票不贵，如果平均到每个项目肯定超过迪士尼。其实我去的那天人并不多，我开头说了只有几百人排队。
后来跟园子里的工作人员聊天我才知道，他们自己都觉得慢。并且说游乐园不是万达挣钱点，游乐园周边的地全是万达的，已经涨了好多了。闻听此言恍然大悟。",M41****073
2016-07-22,一天不够玩，就是天气太热了，建议秋天去。,M41****307
2016-06-29,去的时候激流勇进没开，悬挂式过山车没开……只觉得过山车还可以以外没有好玩的了……,M31****456
2016-08-31,一人两百，一个地方能玩好多娱乐项目，大人玩的过山车还有其他一些高刺激娱乐，孩子玩的旋转木马等，青花剧场有个节目也可以看看，都是通票里的，，,弈刻绽放
2017-09-26,不吹不黑，景色不错，但是今天搞活动买的特价票，发现里面全是人，根本没有限流，一个项目要拍两个小时以上，一个下午估计就能玩两到三个项目，为了赚钱把活动做的这么差，估计下次没有人会来了，体验真的很差！,M23****5015
2017-09-21,主题乐园的娱乐设施多，种类比较丰富，还有花车巡游呢，非常好玩，非常刺激，在合适的天气，合适的时间，与对的人一起，更让人记忆，值得一去哟~,M61****437
2017-08-24,不错的地方，开学前带宝贝过来小游，一个景点却可以带给整个城市的一切壮观景象，宝贝玩的舍不得离开，看来不久的某天又要带这个家伙来了，,Tina梅
2019-01-17,乐园没啥太大的特色，就玩乐项目和体验度来说，还可以，至少就票价来说，还是性价比算不错的。已经老了，连坐过山车都感觉吃不消了。只能晚一点不刺激的项目。,工匠
2017-02-04,没有想象中那么好，今天过去很多原订的节目未全演出，好像万达乐园今天所有员工在走过场，除了瓷器剧场可以看一下，没有什么好看的。,拉根贺若弼
2018-10-06,差评是给携程的，一直出行在携程上订票，后来才知道美团也可以买票，一张票比携程便宜几十块，我买了两张成人节假日双人票，如果在美团至少能省200块，已经绝对货比三家再买了，携程让我太失望了！南昌万达主题乐园不错，玩了丛林绿蟒、直冲云霄，很惊险，很刺激，丛林绿蟒给我颈椎病都治好了，带孩子玩了好多宝宝游乐设施，刚1米高勉强坐了大青虫，十一人不算太多，环境可以，饭菜人均60能吃饱，总体不错！,牛小牛
2018-10-05,怎么说，伤心，失落，惊喜。五点多起床赶到目的地，我们一行三人，三个女生因为没来过，也不是很懂，到了之后在携程上订票，订错了，本来应该是大学生的，结果订成中小学生的了，在携程上看票的时候，没看到有卖大学生的，以为就是那个。一买就是三张，结果退不了。去购票大厅说可以取票换票补差价，排队取了票，不知道是期票，说期票不能换。很崩溃，退不了换不了。前前后后打了许多电话，咨询了很多次，都是不行不可以。有的时候因为问了很多次，他们很不耐烦。说话很大声也很不客气。有一瞬间委屈的想哭，300多块的票不能说浪费就浪费了，又去卖票，看到有中小学生就去问，可是别人都还没等到你说明原因，就嫌弃的表示不要，崩溃，其实后来想想，换做我，我也不相信别人。又重新问，后来终于以半价卖了出去。从八点多一直搞到12点。因为好不容易来一趟，决定收拾好心情重新买票玩儿。就事论事，园里还是蛮好玩儿的，虽然没有玩几个项目，晚上特别漂亮，可惜没有时间再欣赏了。在排队玩一个游戏的时候，前面站了一个小孩儿，看起来八九岁的样子，和我一样胖胖的，贼可爱。他在那玩蛇，他拿蛇吓我，我说我不怕，就这样聊开了，我跟他说我是湖北来的，他说他去过武汉，他说十年之后，去武汉大学找我。哈哈可是我不是武汉也不是武汉大学的，但是我没有解释，我想还能装作是武汉大学的，他说你会不会不记得我啊，那时候，他让我拍照说要记得他，我们是一起玩的，他就在我们旁边，玩完之后，我跟他说拜拜，他说记住，我叫王子晨，(不知道哪个子辰)。我说，好，那是我那一天觉得最美好的一件事，我一直都记得他。再说回乐园，真的希望那些工作人员态度能好点，我知道他们很忙，有时候真的顾及不过来，国庆人多，我们也理解，但是我也希望他们能多理解理解我们，我们一路过来转了三趟车也不容易，还折了好多钱。我还希望人与人之间能互相尊重，互相信任。很感谢买我们票的人，不然，我们浪费的时间和金钱就更多了。同时，希望携程能再注意一点。我们有错，我们道歉，但是这方面携程做的也不对。我一直都用携程，但是，从今天起，我不再用了。只希望大家都越来越好！上传两张图。还是蛮不错的，里面！,_WeCh****350459
2018-07-15,整体不错，带小朋友来玩不错，有蛮多小孩子玩的东西，大人玩的也很刺激，心脏不好的不建议玩，受不了，里面的东西很贵，很多亲子的玩的要收费，20起步，大型玩的游戏都免费，家庭亲子票，说重点，天太热了，建议天凉再去，人都黑了一圈,龚生110
2018-05-02,我是第一次到南昌也是第一次去万达乐园，我刚开始看到网上对这里的评价心里其实很忐忑的，但是事实证明我错了！万达里的工作人员态度都很好，我带着个孩子还很照顾我，可能因为我是错的峰来玩的，园里人不多，孩子几乎全玩了个遍，今天没有雨又没什么太阳，孩子可开心了，景点里的物价相对于外面有一点小贵，但是分量很良心的好嘛，15一个的特大号冰淇淋两个人都吃不完，我而且买东西，工作人员还跟我介绍说哪些是实惠的，旅游体验很好呀。后来我还出来去看了万达茂里的万达电影乐园，飞越江西，强烈推荐，看了不枉来江西一趟,M26****2850
2017-10-08,南昌万达主题乐园的外围设计精致好看，是青花瓷的设计风格。去到主题公园里面觉得挺好玩，项目很多，玩了整整一天，有些项目都还没玩。冰雪大世界里的冰雕值得一看，还不错。万达电影乐园的飞越江西这部电影好看，效果逼真，有身临其境的感觉，好想再看一次。多亏了这次南昌万达之旅，我找到了男朋友，谢谢南昌万达主题乐园促成了我和我男朋友的姻缘！,M35****636
2017-09-28,"抢购的特价票，一共玩了6个点，超级值。
开始玩的是木质过山车，太刺激了，回来以后脖子超疼的，蛮害怕的。一定记住不要带东西，因为侥幸带了小米手环，竟然给我甩出去了，只留下了个表带，还好没甩到人，忧伤。这算里面最刺激的，就是队伍太长了，又总有人插队，很烦，还很热，闹心。
第二个玩的是凤飞九天，坐在上面不觉得高，下来看发现真挺高的，在上面风景超好的，就是有点晕，如果害怕的话就看天空吧，心里会一下子平静下来。
再后面玩的都是很平淡的小孩子玩的，因为有点怕。

同学玩了翻江倒海说是很有趣，但我在下面看的好害怕啊，以前玩过类似的，像是高空揽月，有点怕了。
这个工作人员特别有趣，给你一种玩游戏很嗨的感觉，特别热爱自己的工作，给小哥哥点个赞。
最后还玩了鬼屋，鬼屋没有真人，一点都不恐怖。
想玩的话最好不要玩夜场，大部分游乐设施都关闭了，玩不了多久。而且二号线20:30左右就关闭了，好像是这样的，对了，出门的那家奶茶店很不好喝又贵，三个字的，忘了名字。
万达呢总体是很不错的，很刺激，就是得有点耐心，等的时间太久了，去玩的小伙伴记得带好水和充电宝。啊
",三生的27
2017-08-28,来这里玩一次就可以体验什么是跳楼的感觉，什么是刺激的惊喜，什么是零下15度天涯海角冰川等等太多不一样的感觉了，什么都不想了快来体验一次吧！,琛晗
2016-05-16,不可以带东西去吃，园内吃的又排队，饿死了，哪里还玩的开心啊,187****6074
2018-08-15,大多数项目过于危险，不适合普通人玩，花几百元去玩命不值得。不知道建这个游乐园的理念是什么？也许是宇航员培训的需要，或是用于拍电影。七彩天地适合儿童玩，但是项目不多。灯光秀不错。,m28****0101
2017-12-31,整个乐园就是大写的两个字“垃圾”，每个项目没有预计等待时间，门口也不提醒夜场票不能玩过山车之类的项目，让人白跑一趟。,_WeCh****392593
2016-06-23,如果好几个游乐园，长隆这么大的都能带食物和水进入，九江大千世界也可以，为什么南昌万达就不能带食物和水进去呢？里面的食物卖的贵这是不难理解的，万达就是这样的霸王条款，太不地道了,M39****161
2018-08-05,周末新去处 景区项目众多，非常适合亲子游 但只要之前去过一些游乐场或风景区，会发现似曾相识却又东施效颦 不过乐趣还是很多的 小孩子应该会喜欢,百合1203
2018-05-14,在我们江西那是绝对第一，真正家门口的顶级主题公园，非常适合带有小朋友和大朋友的家人游人们娱乐,上善若水
2017-09-26,一两万人（主要是活动太火爆），玩个云霄飞车排了两个多小时，然而才刺激那么两分钟。提前看好天气，热的话去的时候带好伞（在你排队的漫长等待中会用得上）今天没带伞，34度的阳光晒在皮肤上，火辣辣的疼,M46****443
2017-06-19,还是很不错的，平日去购学生票很便宜；就是排队要花上半个小时到一个小时。建议雨衣在乐园里面买，只要10块钱，外面的雨衣质量很差。有点遗憾的是竹林绿蟒在维护。玩了一整天很开心。,_CFT0****0084
2018-11-07,很多好玩的东西，设施齐全，绿色植被也有很多，服务态度也很不错，小哥哥小姐姐也会细心的提示我们。emmmm就是有的设施太早不运营了,炫酷阿七
2018-05-02,我们2大2小买的亲子套票，比较划算，携程上定票在自动取票机上取票即可，非常便捷。1.2以下建议入园左转，1.2以上建议入园右转，大的项目都可以玩，两个小朋友都玩的很开心,M60****782
2017-06-04,非常好玩又刺激，一家从小到老都可以让你玩嗨，本人最喜欢的是看飞越江西，真的是有种身临其境的感觉，春夏秋冬都带你玩了个遍，太壮观了,M22****0005
2016-08-25,虽然一开始觉得门票贵了些，但是进去之后简直爽爆了，非常好玩，又刺激，就是跳楼机在检修没玩很遗憾，过山车超级刺激，以后可以再来玩一,_CFT01****6281556
2018-06-30,去的话，感觉过山车是一定要尝试的，其余的小项目，我觉得没啥特别的，而且主要是，最高的那个过山车尝试了之后，体力消耗很快，其余的项目不会很想去玩 。。,慵懒呀
2018-05-01,设施还可以，服务跟排队次序都不如迪斯尼～不会再去第二次了～也没有单人通道，经常都有空位～看不下去的游客还要自觉维持次序～真是心累～越是节假日～越可以体现乐园的团队质量,悠嘻糖
2017-07-08,超级棒，这钱超级值，里面好多游戏，可惜的是我恐高，恐高的孩子也能去，挺多很温柔的游戏的,_WeCh****403268
2017-06-13,假期去，人多价贵。但可以上携程购多人票，价格实惠。夏天可以入夜场，气温不高，玩性更足。,lwwnch
2016-10-16,"感觉玩的很累但是很爽
大型的项目都玩了都很刺激
晚上还有万圣节的表演很酷
挺便宜的票就是里面的东西有点贵可以自己带点东西进入的",_CFT01****4470723
2017-10-14,南昌万达主题乐园太好玩了，值得大家都去玩儿，里面有好多好玩的娱乐项目，比如各种过山车“超刺激”的，胆子大的帅哥美女快来吧。,娜米阿
2018-10-04,取票还是挺方便的，大门扶梯上去团队售票窗口的旁边，写有携程取票点。取票的人不多基本上几分钟就可以。进门的时候要检查包包，水一人只能带一瓶。其它零食一概不行。就看你想什么办法带进来了，我们是几个人装身上带进来的。里面人超多。根本上没法玩。几个大项目一个没玩到都要排两个小时左右的队。反正是早上10点进门一刻没闲就玩了几个小的没意思的项目，要是折合票价都天价了。真是排队一小时玩几分钟,e08****81
2018-08-25,南昌万达乐园，我们自己的迪士尼乐园。乐园分为竹林秘境、云霄仙阁、鄱阳渔家、仙女奇缘、五彩瓷都、世外桃源几个板块，每个板块都有着丰富多彩的娱乐设施和互动表演。特别推荐的是竹林秘境的竹林绿蟒这个过山车是全程又木头做出来的，坐一次可以说是相当的难忘，因为在过程中可以听到木头的碰撞声音又惊险又刺激，第二个推荐的就是云霄仙阁的云霄飞车了，这个号称最快过山车，最高时速可以达到137km/s，坐了一遍感觉就是速度很快眼睛眼泪都被吹出来了，不过还是万达乐园最过瘾的项目之一，一个字爽，最后悔的就是没有去玩吃鸡，当时因为太晚了安排不过来，下次有机会一定要去玩,M28****9366
2018-08-11,"提前做好攻略，一天的时间足够了
一定要带足水和零食，景区里的物价你们懂得！这几天温度极高，去的人不多没有排什么队，玩的时候会有点晒，弟弟坐最高的过山车有点冲血。喜欢玩刺激的人来说这是个好地方，要不然门票费就不成正比了。
乐园从开场舞到各方面，安排的都蛮合理，工作人员尽责，在安全检查上用了心。有的设施在维修就没开放，还有一些是运营商的得另外给钱，结果进去了没几分钟就出来了

希望大家玩的开心",159****9622
2018-01-06,31日一家人自驾出行，查了一下全网只有携程能订到亲子票且订票很方便，原本就此开始一天愉快的旅程，没成想还没进园呢就先和乐园工作人员吵了一架，原因是不允许我们将面包等食物带进去，为什么不允许工作人员给出的解释则是荒唐可笑，为了保证您的食品安全，既然怀疑面包存在安全隐患那何不建议食品检疫部门对全市在售面包进行抽样检查呢？园内有卖烤肠，肉饼之内的摊贩试问他们的制作过程就符合你们的安全标准啦?实在荒唐可笑。,岁月书签
2017-10-06,388的价格2名大人，带着1.1m的姑娘，很实惠！取票还算方便，但是作为这么大的携程，作为这么大的万达乐园，竟然工作人员在那树底下办公，拿着券去换票，也是个移动兑换点，（总感觉有点作贼的样子）有失大牌公司的风度，这个着实要吐槽下！不过总听很满意啦，票价、游玩，都尽兴，虽然99%都是陪小孩玩的.还有就是，准备带小孩去玩的，尽可能等小孩1.2m以后再去，否则，玩不了几个项目！园区的消费，都是那样，还能接受（我没吃饭）！,M22****8319
2017-10-06,秒杀的1元门票，爽死我了，真便宜啊，不要不要的，原价248的门票我只花了1元，爽死，项目人好多好多，不过幸好有好多演出可以看，也不错，青花剧场，竹林剧场，极限挑战等演出都好棒，还有花车大巡游，赞一个。,当地向导小戎
2017-09-27,总体很不满意！超级不满意有四点，首先第一点排队取票，九点就开始排队直到十点差十分才领到票。第二点是玩任何项目排队时间都在半个小时以上。第三是里面的东西贵到外婆家去了，矿泉水五块一瓶，吃个饭58…第四就是万达停车场停车费，从上午九点到下午五点，收费30，万达真不要脸！,M23****7817
2017-09-26,活动很给力，低价的套票，带来的也是巨大的人流，每个设施项目门前都有长长的队伍，只能选择2个左右的游玩，我选择了云霄飞车，排队约莫使用了2个小时，其中发现了两次插队，这点希望工作人员能够及时制止，感觉过山车超刺激，爽,_CFT0****4407
2017-09-02,喜欢刺激的朋友值得一去，第一个项目我玩的全国最大的木制过山车，和最后玩的一个悬挂式过山车，早上十点开始玩，一直玩到六点项目都结束，除了最长最快的那个过山车因为没有勇敢的伙伴陪我玩就没去，留了一个小遗憾，攻略，刺激的项目下午三点以后基本不用排很久的队就能玩，所以一天玩了八九个项目，也是累的不行说话了，总之想玩的轻松最好还是平常日去，周末真的人很多～,_WeCh****46804
2017-08-25,建造风格及相关标识有待提高。假期实习生对门票的相关校验及解释亦有待提高。较高比例的一些景点暂停营业确实是一笔遗憾的意外！,M23****3005
2017-08-22,挺好玩的!大部分娱乐项目都很刺激，并且有身高要求，适合胆子大的人!    1.2米以下小盆友玩的只有一个室内的，不是很好玩。虽然暑假接近尾声了，人还是很多!热门一些的项目都要排一个小时左右的队，其他的也要半个小时左右。里面的食物都好贵，最好自己多带一些水。白天入园可以玩到晚上，还不一定全部玩得完,234****331
2017-08-22,去了玩了几样，有些项目因为某些原因没开所以没能玩成，云霄飞车真的很刺激，很高很快，七十七米的落差高度，一百三十六米每秒的速度，超级刺激，还有鱼跃龙门，因为没买雨衣所以湿的比别人多，但是很凉快，还有大摆锤，跳楼机和翻江倒海不太敢玩，太刺激了，那里有四个过山车，有一个是给小朋友准备的，剩下三个都还不错，我去的时候挺想玩凤舞九天的，但是没开，风景很好，一共六个园区挺大的，竹林剧场之类地方的表演很好看，可以去看看，中午推荐去冰雪世界，很凉快，但是待久了会感冒，园区有很多可以休息的地方很人性化,_CFT0****8571
2017-08-12,没有拍很多的照片，因为一直在走路或者游玩，票价比门口卖的还是要便宜一些的，里面也是蛮大的，就是有不少收费的项目。因为是和弟弟去的，他玩了竹林巨蟒后其他刺激的项目就再也不敢玩了，所以我们玩的都是比较和缓的项目。总体来说还是蛮好的，还是第一次来游乐园，挺满意的一次旅行,M39****264
2017-08-10,非常好玩，门票也不贵，我们买的是夜场，下午4点到晚上9点，体验了下体验了三大过山车的两个，还差一个没玩，不过还是很爽的，非常刺激，夜间还有灯光展，蛮震撼的，值得一去！（玩的时候没想到拍照，只有晚上的图）,M60****787
2017-07-25,"一一直用携程旅行买票性价比超高还有携程特价日超实惠！
星期三的主题乐园的票，然后温度有点高，但设备齐全道路上都有温度加湿器那个大眼睛很是招人喜欢，小朋友如果觉得热个室内游乐场可以玩一整天。
周一至周五去玩的时候更划算差不多项目全都可以玩全。
以后旅行还用携程买票。方便快捷性价比高",_WeCh****765781
2017-07-17,主题乐园还不错，就是天气实在是太热了，人多的项目要排队一两个小时。海洋乐园不建议去 性价比不高 海洋动物不够热带雨林动物来凑,M27****546
2017-06-18,飞跃江西很好看，这次的活动很给力，超划算的，还遇上了龙虾节活动，但网络票不让参加抽龙虾入场券。但唯一坑的就是停车收费，五元一小时，比红谷滩万达停车还贵！停了五小时，收了25元。主题乐园门口还显示乐园门票可领停车券，好不容易找到服务台，领到了停车兑换券，准备开车回家，到了大门口，才知道这个停车兑换券还要再换才停车券才能用，还只是抵五元，不能累加用，太坑了，换个停车券还这么麻烦，后来也懒得换了。总得来说夜场门票很划算，大湖秀也很好看，就是停车太贵了！,_WeCh****00621
2017-06-10,这是我花过最值的29元。夜场简直了，抓紧点大型项目都能玩到，而且还没有白天那么热那么多人，还送了很赞的飞跃江西，强推这个飞跃江西，尤其是带大人去玩…我妈妈简直是赞不绝口！！总之，碰到这种29，一定要买，绝对不会后悔！！！,M21****258
2017-05-25,"1、高峰门票240太贵，因为平时要上班，只有周末休息只能买高峰票，很多项目需要排很久、很久的队 ！ 1、2小时真等不起，根本玩不到很多项目，所以票价不值。
2、里面的物价太贵、太贵，真是天价，外面1元水，里面卖5元， 外面2元冰棍，外面卖10元，反正都是翻500%的卖，又不是在山上，交通便利运送货物，物价真心黑 ！
3、有些项目刚喷油漆，真是刺鼻，小孩子哪受得了 ！

优点:环境干净、厕所多。",昵称总存在
2017-05-08,"坐落在九龙湖的万达主题公园这周末我带儿子买了亲子套票狠狠地玩儿了一把的简直爽歪了！
说句实在话，我是从来没有来过这样的游乐场的，一下子还适应不了这快节奏人多的场面，我最喜欢里面的三个过山车，太帅了，很刺激，很过瘾，强力推荐给大家！",零星小雨88
2017-05-01,下午四点到了万达人超多，路都封了，车都停到旁边几公里外了，警察叔叔说四点半解封，等到四点半解封，先领票，然后去万达茂吃了顿饭到六点了，出来直奔乐园，太阳基本下山，在进门处抽奖，小杨抽到40元代金券和一张音乐节门票，从右手边逆时针找活动项目，走下来基本没有适合一米孩子的，去年没玩的大青虫要等40分钟，而且一开始人也有点多，去年五一玩过的项目今年居然提高了身高要求不能玩了。做个电马也等了半小时。不过过了七点之后的四个项目都木有人，连鄱阳水战也木有人，平时这个项目就别想了，每个项目玩了两遍，坐完之后正好看大湖秀，然后出门去电影乐园赶九点半最后一场飞越江西。来的早的其实可以下午先看飞越江西的。5月30号前还可以购买，真的超值，光飞越江西就不止这个价格了，不过几个过山车在六点后不开放了，其他大部分项目都还有的，不过一个账户只能申请一张，同城客户端也是29，或者多用几个手机注册就解决了。总得来说夜场票适合来过一次对地形比较了解的人，还有适合带不坐项目的老人一起。,晨曦初露1216
2017-02-13,好好玩，真的超刺激！推荐一下。。。。。。。。。。。。。。。。。。。。。。。。。。。。。。。。。。。。。。。。。。。。。。,_CFT01****2247054
2017-02-03,就是普通的公园弄的场地大了些，里面对孩子身高限制的多，1米以下的孩子最好别带去，优几项可玩，另外一些可玩的都要另外收费。门票价格对于南昌来说很高，里面卫生不行，管理很乱。工作人员一看人多总让你去别的项目玩，这很讨厌。想玩的好，最好是1.4米以上，150斤以内的人去。而且不理解的是从检票口进来后直接把整张门票给收走，不是把副券收走就行吗？不知万达此举几个意思。最好风和日丽的日子去，不然很多项目玩不了。,淘气达人MaMa
2016-10-06,孩子们的乐园，好玩是肯定没得说的，我想推荐的是两点：青花剧场的《瓷都历险记》很精彩，短短半个小时融合了杂技，歌舞、话剧的表演，舞美、道具都独具匠心，进去了一定要去看看，我们是下午两点半开始的，你们如果想看进园是要注意关注演出时间！还有一点值得一提就是管理很到位，虽然人多确不拥挤，休息的地方也随时都有，孩子们玩的开心，大人们也不累！,M20****886
2016-10-04,盛名之下 其实难副，对乐园抱着很大期待去的，结果大失所望，运营能力差，服务效率低，游园内食品价格贵可以理解但是太、难、吃、了，这个实在没法体谅，而且乐园运营方三观不正，将游客分三六九等，至普通游客于不顾，难道两百多买一张票就是为了在排队两个小时后眼睁睁看着一帮所谓的有钱人在工作人员带领下插队吗？助长社会不良之风...以后不会再想去了,M23****850
2016-09-07,和男朋友一起去的，个人来说很不错，玩鱼跃龙门的时候一定要穿雨衣，男朋友没有穿，结果全身都湿了，为什么玩水上项目不能放包呢，这点让我有点郁闷了。玩云霄飞车最刺激，刚开始就玩，导致后面都不敢玩那些刺激的项目了，很可惜，应该留在后面玩的,M44****738
2016-07-22,以前还觉得携程网还好，因为是邓超代言的。可这次把我们给折腾死了，再也不想在携程网下订单了。咋折腾的呢？刚开始我们把酒店啊，动车车票啊等全部订好了。准备出发时，你们的客服就打电话来说万达主题乐园和电影乐园不能玩，还在维护当中。问我们要不要取消订单？我们当时就气死了，干嘛不早说？害得我们把全部的票退了。我就说后我同事打万达主题乐园的客服，她们说可以游玩。我们又重新买动车票和订酒店，特别是买动车票，赶死我们了，而且我们都带着小孩子。说取消我们的订单也没有取消。我们不仅仅是经济损失，心情更是不爽。所以我们要给严重的差评！,doudou
2016-06-23,首先。这是我们南昌最大的游乐园了，而且万达本来就是一个大公司，算是我们南昌的福气，其次里面的游乐设施的确让人满意！！竹林巨蟒惊险刺激，尖叫更本停不下来！无线飞车也很给力，跳楼机没有想像中的那么刺激，可能是给予的期望太大！总得来说值得去！,_CFT01****0707862
2018-06-04,超级好玩的，还有2大过山车没坐，下次去一定坐，直冲云霄和云霄飞车真的超级的爽。,笨哒笨
2017-07-12,跟男盆友一起去，超级好玩，工作日去的人也不多，很多项目玩了好几次，所有的过山车都体验了，结束了还想要，就是里面的吃的太贵了，感觉还不错。,古斯塔沃爱工作
2016-10-05,里面的龙飞凤舞高度77米特别刺激据说是全世界最高的体验之后其他游乐场过山车是渣渣要出行的早点去8点30就要到那抢先进入会多玩好几个项目,帝月
2016-09-17,国民公公号称可以让迪斯尼20年不赚钱的游乐园 很多综艺节目在这个园区里做的 旁边是万达茂购物商城 还有酒店度假区 娱乐设施非常齐全 值得一去的地方 但和迪斯尼比……还是差了很多部动画片的,团团001
2017-08-03,觉得门票有点贵不过还好我们我是在携程买的票便一半差不多，我们九十来点钟去的好多项目都在检修不能玩玩的一两点钟的时候天气正热的时候那些项目才开始开放觉得玩的不是很尽兴，有一种感觉是在发钱买累受。,徐燕子
2017-01-22,怎么说，难得放假去一次，首先性价比不错，358两大一小，南昌万达游乐园的东西质量还是很不错，指的是玩的项目都比较上档次，相对国内来说，配套也不错，唯一不足是里面没有特技电影体验，总体说，值得。,_U4****7861
2017-08-03,南昌万达主题乐园有大人玩的比较刺激的跳楼机和两个我个人觉得很好玩的过山车，也有适合年龄比较小的孩子玩的室内游戏，玩的项目也比较多。,_WeCh****924193
2017-05-01,"南昌万达乐园真的比想象中好玩儿太多?
本来想把三大过山车都给玩儿了?
奈何悬挂式的过山车在检修?
幸亏竹林绿蟒和大闹天宫都让我过了把瘾?
还是好兴奋?",_WeCh****19074
2016-11-28,太美了以后一定要常来还要选人少的时候各种玩不用排队,_WeCh****57659
2016-06-05,今天去玩了，小朋友玩的很开心。,M39****870
2018-04-17,挺刺激的，适合年轻人玩，挑战自己！就是半天不够玩啊，下次早上就要去！,cops
2018-02-14,坐在旋转木马上拍了几张…今天天气我挺喜欢的，人也蛮少，木质过山车一点都不吓人就是荡的人有点麻，三刷的今天是佛系少女最后以木质过山车作了结尾很开心的一天，下次来看烟花！,M25****2326
2017-12-07,借鉴了迪士尼模式 但没学好精髓 整体感觉粗糙 除了刺激的项目外 别的项目设备土 糙 像回到二十年前,MANDY
2017-02-19,情人节去的，刚好情侣票好便宜，人也并不是很多。上午的话有些玩的需要排好久队，但是到了下午就基本不用排队了，。表示还是值得去的,_CFT01****7745153
2017-04-30,好刺激，有些项目不敢玩呢，人太多一天才玩4个项目，一直在排队中,_WeCh****36661
2016-10-08,南昌万达主题乐园地处红谷滩的边缘位置，规模很大，是万达集团打造的本土化精品乐园，乐园内游玩项目很多，值得好好玩玩，非常不错。尤其带娃去很好玩。,月月鸟的小窝
2018-03-05,人比较少，基本上处处都不用排队，主题乐园几步一个卫生间很干净，还有婴儿护理台超加分，吃的也不算太贵，缺点是表演比较一般全园都没直饮水，人少到我都担心它亏本啊！电影乐园跟飞跃地平线比飞跃江西虽是模仿但也不错了，起码便宜！海洋乐园没意思太小了一会儿逛完了。,M55****903
2018-02-09,开车两千公里过来，携程提前预订的票。没有想到取票困难重重，这个工作人员真的非常不友好，流B的很， 问话爱搭不理的，什么玩的心情都没有了。花钱受罪，真想不到万达的员工是这样的素质。,水风
2016-10-08,"在这里我寻找到了刺激，过山车是那么高，那么大……还有大摆锤，跳楼机，空中脚踏车，等等，让我流连忘返！
风景也迷人，晚上的世界也挺不错的，灯，看的眼花缭乱……",M47****687
2017-09-23,太实惠了，   去了三次了都是买全价票亏大了。不过都是带小孩去玩，过山车那些大型娱乐都不敢玩，不过这个价格真的很实惠。不知道国庆节有没有优惠,M56****975
2016-10-04,管理混乱游客素质太差设施都小工作人员少双层旋转木马只开下面还没音乐王骗子还想和迪士尼比丢人现眼,133****9123
2019-02-14,得了吧我2月12日去的，距离南昌西站很近，就在后面，隔壁万达茂，附近坐车非常不方便，而且人烟稀少，谁去谁后悔，反正都是当地居民带孩子去的，旅客建议别去,M30****8312
2017-05-30,很好玩 孩子玩得非常开心！就是里面东西太贵了！一瓶水10块！饭也贵！但是总体还不错！有个小点孩子玩得室内！还不错！一家老小都很开心！,_WeCh****644424
2016-08-13,差不多想玩的都玩了吧主要是天太热要排很久的队这很煎熬不过有些项目人比较多的就不用等了像大摆锤就是还有最刺激的那个木制过山车特别爽,睡了崔胜铉
2016-06-22,还行 但是我觉得我可能不太适合玩游乐园 坐过山车跳楼机都没什么感觉 但大多数人都说比较刺激 整个乐园比较大 然后排队一般都比较久 下午人更少,_WeCh****12666
2018-10-02,万达主题乐园里很好玩，有很多很刺激，好玩的项目，比如竹林绿蟒，凤舞九天，直冲云霄，云霄飞车，鱼跃龙门等等，都是不可错过的挑战。,M28****0863
2017-12-09,我是买的夜票去的，好处是能看到精彩的灯光表演，但是大多数项目晚上都是关闭的比如两个过山车，因此，白天晚上都去一下是最好的选择。,M30****071
2017-09-20,很刺激，和我姐一起去玩的，特别过山车太牛了,内置的帽子
2018-09-12,工作日来的，上午刚开园就入园了，人很少，都不用排队，三个大型过山车都玩了一遍，其中木质结构的最刺激，其他项目都比较温和，凤舞九天带你上天吹吹风还是蛮舒服的，但是工作日游客少有个缺点就是部分项目检修不开放，还有巡游表演和剧场都不开放,Wing遥
2018-07-18,整个乐园很大，玩的设备也很多，觉得那个鬼屋一点也不吓人。木质过山车真的超级刺激，跳楼机真的这辈子不想玩第二次……真的很热,swaggyYs
2018-04-19,真的很垃圾，现在网站上买了票，售票人员，说小孩子可以不用买票，让我把网上的票退啦！当时显示退票成功，我就在售票点买了一张成人票，结果三到七工作日没有退款，说什么不能退票，那为什么当时会弹个链接出来什么三到七个工作日会退款呢？要我拿凭证谁会想到那么多当时还截图我两点半λ园，四点钟人家把我票领了，我想谁给我领的。最主要是我票还没领，还有人把我的票也领了，都在互相推卸责任，我也当花钱买了教训,_WeCh****765691
2018-02-11,提前一天预订的亲子票，比现场便宜很多。10点进去的时候一直沿着右边走，丛林绿蟒没有开，玩了凤舞九天后回来玩的丛林绿蟒。都没怎么排队，当时去的人少。跳楼机，云霄飞车都很刺激。小朋友没怎么玩害怕。只是少了表演。,_CFT0****6164
2018-01-04,万达主题乐园位于南昌红谷滩新区，是江西唯一的世界级乐园。整个园区以独具特色的本土“赣鄱文化”为主题， 乐园离高铁南昌西站约10公里，在南昌西站南广场有直达乐园的专车，打车去的话价格在20元左右吧，为节约时间，建议打车或自驾这样可以节省一些热门项目排队等候的时间，自驾游的朋友注意了乐园停车场是要收费的觉得这一点挺不合理的，亲子游的话在携程可以订到亲子家庭票挺方便的，其它网站好像都没有这项，乐园不会像方特，长隆那么大，但初到南昌的游客还是建议一去的。,岁月书签
2017-12-02,"万达乐园位于南昌市九龙湖新区。 乐园分为六大主题区域:竹林秘境、云霄仙阁、鄱阳渔家、仙女奇缘、五彩瓷都、世外桃源。园内建有中国最高、最快、最长的三大过山车，以及60余项世界顶级游乐设施，让游客在风驰电掣中感受激情，在巨大落差中体现勇敢。 其中的万达茂给人的感觉很壮观，都是圆形状的建筑连在一起，外立面全部是青花瓷的图案。分为商业步行街、电影科技乐园和海洋乐园三部分。 总建筑面积约20万平方米，荟萃200多家国际一线品牌商家，集购物、美食、娱乐、休闲于一体，并设有可容纳近万车辆的室外停车场，从商业、休闲、娱乐、文化、旅游等各个方面满足游客""一站式""消费的需求。 这是第一次去玩（陪老婆去的），老婆看了别人玩的都不敢上去了，然后我一个人做了一次绿莽过山车，超级刺激←_←反正在园里一路都是听到别人的尖叫声和嘶吼声…………",会飞的小猪007
2017-11-25,"
这个南昌万达主题乐园在比较郊区的地方，不过整个乐园还真的很大很大。
设施：
网上买的门票，2017年新年去的，145元一张，比迪士尼便宜太多了。
乐园里面也是分很多主题，我们就挑了几个最刺激的好好排队，其他小玩下，一整天时间还是比较尽兴的。
＃直冲云霄＃70多米的跳楼机，整个乐园最刺激感觉就这个，上升的时候一点不恐怖，下来的速度快到难以用语言描述。
＃云霄飞车＃做攻略的时候就看到这个是必玩的，各种国内“之最”。坐完下来，感觉整个过程真的太长了，恐怖指数一阵又一阵，但是绝对值得。",蓝天38
2017-11-15,携程购票需要在外面大屏幕下面的房子里面找工作人员拿票，唯一不满的就是去的时候携程这边工作人员不在，问其它平台的人员，一直给臭脸。进去之后里面玩的还算比较开心的，设施很多，工作人员态度也不错，现在淡季项目都不用等，很多人一个项目都玩2-3次。,_WeCh****998542
2017-10-06,携程购票体验太棒了，价格优惠的不要不要的，门口卖148元，携程只要69元，还可以当天预定，无敌了！景区活动真的好多好多，欧阳靖来啦，来啦来啦，嘻哈，嘻哈，切克闹！！！项目玩着也很好啊，刺激的不要不要的。,当地向导小戎
2017-10-06,"安检：说明是未开封食品可以带入，所以带了一些新买的食品入园，没想到，有罐未开封的方便面就被没收，说不允许带入。因为赶着入园，也不愿为这点小事理论，但心理还是小小不太舒服。而且园内没有开水，哪怕带了方便面也无法食用，万达这样的做法未免有些小家子气了。我们大老远开车过来，就这么对待游客。
玩：有些小失望，都是常见的游玩设施，无非种类多一些，比如有三种过山车；游乐设施跟中华传统文化结合不大，不入方特，能把游玩跟文化、高科技结合的尽善尽美。
演出：相当令人失望啊。王健林还说十年内让迪斯尼关门，就万达乐园的演出水平，自身能否运营十年还要打问号呢。演出比较低龄化，难怪国庆长假观看的人都不多，不用提前占座。我提前半小时入场，浪费时间了。演出中穿插一些杂技表演，情节衔接的不自然，为了表演杂技而表演。主办方重点推荐的“瓷魔方”跟“竹林童话”都是比较低龄化，而且两者演出的轮滑表演内容跟演员一模一样。辛苦演员了。竹林童话的双人滚轮很精彩。不过这个演出在其它多处乐园（长隆、横店、厦门灵玲马戏等）也能看到。亮点新意不大。
不过因为国庆，遇到请了beyond的黄家强来演出，大家一起唱“光辉岁月”，还是很感动的。可惜音响不行，黄家强换了话筒演出，还是听不清楚。怀旧啊，就不必在乎效果了。希望万达提高一些音响播放效果啊，情怀只能卖一时，效果才是关键啊。如果平时，晚上是光之秀的表演，就是激光配合烟花，据说很精彩。
吃：还行，很多人吐槽贵。不过我觉得全国乐园内的餐饮都不便宜，能吃就行。味道还行的。价格也能接受。矿泉水五元、香肠15元、热的花茶15元。

",qin****7816
2017-10-06,修的很有中国特色。很美很赞，吃得很多，玩的也很刺激。非常推荐上了小学的孩子来玩，情侣来玩。我们因为孩子小，主要玩的是七彩世界，宝宝的游玩天地，非常可爱迷你的过山汽车，激流勇进，迷你摩天轮等等。孩子最后说玩的很开心很开心！值得票价啦！尤其携程上买的套票，非常超值划算！！,M25****249
2017-09-26,因为买的是20元的周二特惠票所以算是玩得物超所值，但是很值得吐槽的地方就是取票，人超多，排了一个多小时到机子那里结果机子不能取了，排的时候超挤，为什么不能多开取票口？？！把好心情都磨没了。。。还有好几个刺激的大项目关得太早了。不过其他的还可以，很幸运的是原本只有周末才有的水上声光秀也因为游客多而特别上演了，特别精彩很好看。综合来说除了排队取票其他的还不错。,M23****4820
2017-09-26,人太多了，取票麻烦，后来干脆不用取票，直接进，最早一班车去的，玩了一天才玩4个项目，每玩一个最19.9买的。还以为人少，谁知人最多，取票又慢又麻烦少排45分钟，丛林绿蟒更是排了2个小时，，，累死我了，再也不去了，吓死人的，，,M23****3081
2017-09-09,去的时候人不多，项目很多，人少，不用排队，很好玩，很刺激的游戏项目好多。很适合年轻人去玩，感觉还不错，就是天色有点热，有些游戏露天的座位好烫,xiaochengphl
2017-08-31,"一直都很想过来游玩，但因为交通不是特别方便，所以
！！！直到2号线开通，今天我终于来了。游乐园一直是我的梦想，终于在今天实现了。什么高空项目全来一遍，但我可能真的高估自己了。后面真的是快吓尿了。凤舞九天，雨林蛙跳，神龙摆尾，各种失重，旋转，就问刺激不刺激，我反正是到后面只会叫妈妈了，全程是个闭眼玩家，很值得来，还有一些像跳楼机啥的目前还是不敢玩，下次希望可以挑战自己。",想带你去私奔
2017-08-09,首先 携程上订票很快 而且园外取票机取票相当的方便 天气有些炎热 游客不算太多 所以等待项目的时候也不需太多时间等待 一共玩了七个项目 总的来说是比较心满意足的 特别是直冲云霄和云霄飞车 感觉太酸爽了 大概十点多入园的 下午四点左右出园的 总的来说万达乐园感觉不错,M38****228
2017-08-08,玩了一整天，值得一来，大型项目好刺激很好玩，一天都玩不完，因为到后面太累了实在是走不动了。园区很大分几个区域，好玩的特别多。去万达乐园一定要注意防晒，还有备好水（里面物价比较贵），还有就是不要买门口那些大妈的雨衣（质量差的很，一穿就破，里面的质量还可以也只要10块钱）。想去的赶紧在携程上买票吧，便宜很多,M61****581
2017-07-30,挺好玩的啊，就是太大了要走很多路。项目排队排很久就玩几分钟很不爽。去的时候还有设备在维修没玩到。天气不是很好一场大暴雨全身湿透了。还有好些项目没玩成。去年也来过了今年又来。对于江西省的朋友们也是个出游的选择。,M41****855
2017-05-17,看了《飞跃江西》动感电影，15分钟时间，非常值得一看。万达主题乐园下午五点钟进去，基本上没有多少游客了，不用排队就玩了竹林绿蟒过山车，还有其他6—7项游戏。最后看了喷泉表演。感觉巨划算！（总共才花了39元／人。）,M22****6204
2017-05-15,游乐设施比较多，但是很多没有开。然后园区还没有建好，有的地方有一股油漆味。大青虫适合家庭玩，算是比较缓和的过山车了。云霄飞车太刺激……然后吐槽园区伙食，星期五去的，好几家餐厅没有开，感觉园区最多的就是厕所。然后吃的东西味道真的是难吃，建议到外面吃了午饭进园或者自备干粮。,曾谙nan
2017-05-01,早上11点出本发打算去梅岭的七色花海，谁知去了花海一朵花没有，跑到恒茂森林海转了一圈，在携程里搜索了下发现了夜场29的含电影乐园的票，于是驱车前往，到了万达人超多，路都封了，车都停到旁边几公里外了，警察叔叔说四点半解封，等到四点半解封，先领票，然后去万达茂吃了顿饭到六点了，出来直奔乐园，太阳基本下山，从右手边逆时针找活动项目，走下来基本没有适合小杨的，去年没玩的大青虫要等40分钟，而且一开始人也有点多，去年五一玩过的项目今年居然提高了身高要求不能玩了。做个电马也等了半小时。不过过了七点之后的四个项目都木有人，连鄱阳水战也木有人，平时这个项目就别想了，每个项目玩了两遍，坐完之后正好看大湖秀，然后出门去电影乐园赶九点半最后一场飞越江西。来的早的其实可以下午先看飞越江西的。5月30号前还可以购买，真的超值，光飞越江西就不止这个价格了，不过几个过山车在六点后不开放了，其他大部分项目都还有的，不过一个账户只能申请一张，同城客户端也是29，或者多用几个手机注册就解决了。总得来说夜场票适合来过一次对地形比较了解的人，还有适合带不坐项目的老人一起。,晨曦初露1216
2017-04-03,万达乐园很多游乐项目还是不错的，不过更适合成人玩，晚上的灯光秀很赞，建议坚持看完再走。园区卫生间很多，也比较干净，还配备了母婴室和可以给宝宝换尿不湿的台子，这点很人性化??缺点嘛，园区餐饮水平也应该提高，而且不知道是不是赶上美食节，人太多了，中午好几家饭店都卖完没货了。总的来说，这个票价还是很值的,_WeCh****19644
2017-01-30,三种过山车都坐过了，还行吧。其他的就感觉不太刺激了，和堂弟两个人一起去玩的，那天下午三点就闭园了，最推荐云霄飞车~地方也比较还找，除夕那天去还免费停车呢，就是门口有好多问我们要不要票的黄牛，店家要好好管管了,M45****840
2016-08-31,乐园算的上，高空项目还是很有挑战性的。但主题算不上，园内没有什么统一的氛围，就是在赶着玩项目而已。树木还未长大，有点荒凉,孤独的舞者
2018-08-21,周一去的，人好少。很多项目没开。但人少不用排队，这点很爽，而且还可以重复玩。,M22****5218
2017-08-04,总体不错，就是夜场有很多大型设备都关闭了。所以6.30之前要把该玩的项目玩完。另外工作人员工作很认真，安全意识很好。顺便说一句晚场的声光表演很棒，值得一看。,M22****8723
2017-07-25,虽然去的时候温度很高的，但里面设备很好，室内可以休息，供小朋友玩耍，去的话不想多花钱就多备些吃的，里面的东西五元起步。想玩全程的建议周一至周六去可以玩嗨了。,_WeCh****765781
2017-07-21,真的蛮不错的，我们四点去的天气太热了。旁边的万达茂很好。可以吃饭逛街。逛好就去主题公园夜场。也不是太热。小朋友玩的很高兴。儿童乐园很大很舒服。人也不是太多。,_WeCh****180942
2017-07-04,小孩子刚刚暑假乘着出差的时候一起带过来抽空去，小孩子还小基本大型的都玩不了，可惜了！总的来说价格便宜，适合家庭出游！,峰度06
2016-12-19,上周末区时人流量不是很多，排队时间大概每项5至10分钟，因为冬天水上项目偏冷门，过山车需要胆子大的人坐，绿蟒蛇实在不敢，值得一去，工作人员态度业挺好，去时刚好有万达员工在里面玩撕名牌游戏，好欢乐呀,D17****374
2017-10-06,大人放飞心情，小孩快乐游玩的好地方,清逗
2017-08-28,卡丁车收费差评，冰雪小世界太冷太贵东西太少差评！其他都很好玩！特别是高低两个过山车一定要坐！特刺激！下午不用排队～,_WeCh****908366
2016-06-27,过山车太吓人了蛮好玩的下次还会再来,M39****266
2018-10-19,过生日和朋友一起去的 里面真的很好玩 项目很多很丰富 平日里去的没怎么排队 看到夜场票很实惠 所以下次想买夜场票去体验一下,M24****7701
2017-08-03,还好我们是在携程买票在万达买的票要贵死啊携程的票要便宜一半差不多，里面居然不给带熟食进去这不是逼着我们在里面买吃的吗？里面的东西超贵，下次应该不会再来。,徐燕子
2016-09-17,不错，下次还可以继续游玩。。。。,_CFT01****6373340
2018-08-10,周一去的，人不多。项目有一些没有开放，但是主要几个招牌的都开了，还是不错的，排队只需要10几分钟，还是不错的。整体评价推荐大家去，因为价格不贵，还不用排队，实际一些。迪士尼排队你也排不起啊。,小熊第一
2018-07-09,木质过山车果然没让我失望  大棒锤朋友玩了3次 这次去没看见什么表演 可能因为暑期 没那么多人 各项游玩的都没有排好久的队,M24****7113
2018-02-14,玩的最爽的一次，天气好，排队少，价格便宜，玩的项目多，想玩几次就玩几次,M51****434
2018-03-23,很好，孩子们玩的很开心，园区比较大，由于孩子比较小，很多项目不能做，但是玩过的都很喜欢，走的时候都不舍得离开,爆米花
2018-10-04,一般般吧，三线城市中可能算好的了!取票还快的。,青梅子306
2017-10-04,还是挺划算的夜票，里面的大型游乐设施基本都能玩可以赚回票价。中秋晚会也热闹孤家寡人总算没有太悲催。总体好评,_WeCh****998230
2017-08-13,特意选了星期一人相对来说更少时去的，门票也更划算！玩的人也更少点，就是天气太热了，建议还是入秋时去更好玩。,M23****5734
2016-07-20,有四个过山车，一个跳楼机，一个排队下来玩不了几个，我们专挑刺激的玩，玩过跳楼机真是死过一次的感觉，想想都心有余悸，那个云霄飞车太恐怖了，我都晕过去了几秒钟。。。回家躺了一天下不了床。。。,木易日易
2016-07-12,暑期带小朋友去，非常值得，超赞！乐园我觉得比株洲方特要大，设施多。有些项目要比迪士尼更加刺激，就是乐园里面的东西特别贵，建议外带进去，当然吃的和水都要没有开封的才允许。其他都好、棒棒哒！,西风瘦马
2017-12-21,所有的过山车都好吓人，不会想坐第二次，现在想想还后怕，园区人不多，热门项目要等10分钟左右，过山车没等，直接去就坐上了，一直失重状态，没有安全感,_cft01****3397608
2017-02-11,很值得去玩玩。里面很大，娱乐设施不限次数玩。一个儿童乐园，也满足了小朋友的需求。特别是焰火晚会，很漂亮。,携程用户
2017-08-13,好刺激，玩的好嗨，跟朋友说好了下次还去玩，就是星期天人有点多。,_CFT0****4293
2017-05-17,人不多，有些设施不完善，有些大项目没有开放,_WeCh****22734
2018-10-26,总体来说，还是比较满意！工作人员的态度很好，而且也很负责。然后我是平日去的，人不是很多，基本没怎么排队，但是有一些设备没有开放，所以留一些遗憾！但晚上比较热闹，有节目，而且还有灯光喷泉表演，去的时候正好赶上怪咖节，怪咖游行的环节中怪咖们跟游客的互动好热情啊，并且深刻感受到了一位扮演女鬼的小姐姐对于单身狗的关怀！,M22****0567
2018-08-11,"这次万达之行总体来就还是很愉快，物有所值，主要好玩的项目推荐云霄飞车和直上云霄，比较刺激好玩，凤舞九天也还不错，主要天热和老要排挺久的队有点烦人！今天一天把里面的景点都玩了一遍！其实一些小的景点也挺好玩的！比如鄱阳水战！人少玩的也开心！特别适合小朋友玩！仙女奇缘里的欢乐斗牛(碰碰车)可以一玩！建议天气凉爽去玩，还有希望园内的水质能改善下，上厕所洗手水都是红色的！
去的时候记的自己多带几瓶水哟！里面都是5元一瓶！",M28****4227
2018-08-07,没有看清楚是中小学生的学生票，去了以后被告知仅限中小学生使用，还不可以退票，只能加钱买成人票；美团上就可以购买大学生的学生票。另外，可能是天气原因，很多项目没有开，比如竹林绿蟒等几个大型游乐设施。天气非常炎热，不建议夏天去游玩。,_WeCh****918550
2018-06-19,作为一个定居在上海的江西人，为了那么一点江西情怀，趁放假带父母和小朋友逛了下省会城市南昌，最后一站就是这个万达乐园了。给我感觉就是个山寨版的迪士尼，天气太热如果带小朋友真不建议去玩，很多项目都在太阳底下暴晒，工作人员都建议不要游玩，因为坐下去烫屁股，里面付费项目也多，吃个快餐60元一份，下次再也不不会去啦！,M25****0532
2018-01-04,过山车控必去的地方，云霄飞车，丛林巨蟒都很刺激，最好淡季去，丛林巨蟒一天坐了四次完全不用排队，可惜的是当天直冲云霄没开.,塔旺帕楚庄王
2017-11-25,"
这个南昌万达主题乐园在比较郊区的地方，不过整个乐园还真的很大很大。
设施：
网上买的门票，2017年新年去的，145元一张，比迪士尼便宜太多了。
乐园里面也是分很多主题，我们就挑了几个最刺激的好好排队，其他小玩下，一整天时间还是比较尽兴的。
＃直冲云霄＃70多米的跳楼机，整个乐园最刺激感觉就这个，上升的时候一点不恐怖，下来的速度快到难以用语言描述。
＃云霄飞车＃做攻略的时候就看到这个是必玩的，各种国内“之最”。坐完下来，感觉整个过程真的太长了，恐怖指数一阵又一阵，但是绝对值得。
＃青花剧场＃表演时间刚好碰上，就进去看了一场关于瓷器历史的真人表演，非常生动涨知识。
感觉去这个比迪士尼性价比高",蓝天38
2017-09-25,不行多说什么，基本上没啥人，空荡荡的，门口电梯直接停了，3个过山车关了俩，其他小项目也关了不少，听说了首富最近有点紧张，没想到抠成这样，大老远来南昌，昨天买了夜场，今天买的白天票，大项目都是设备维护，扫兴至极，下次大设备不开能不能买票的时候能不能提醒？！,栋在哪里
2017-08-03,昨天天气很好！我和姐两个人带五个小孩出发了，都玩的好嗨！项目基本上都开了，就是有的不敢玩，服务态度也是特别好，带儿子体验了一把，儿子说还要去,M22****9147
2017-08-02,之前去过两个迪斯尼，也去过长隆，与之相比，南昌万达的性价比还是很不错的，卫生、设备、服务都不错，餐饮零食的价格也比较亲民。因为是工作日去的，游客也不太多。提几个可以改进的地方吧：交通不算便利；只有门口发地图，上面也没有标巡游和灯光秀的时间；适合1米2以下小朋友的项目还是不太多。,zhe****ino1
2017-06-22,去的时候是高考第二天，人特别的少，玩的项目几乎没有排队，过去了就可以直接去玩了。因为排队节省了不少时间，所以想玩的项目都玩了。很开心。很值。,肉肉0705
2017-10-31,万达，一个连锁主题乐园，门票不便宜，游乐项目多，可选择性大，亲子活动丰富，可在门票优惠上有点不灵活,lwwnch
2017-04-16,网上订的票，然后进门有48的券的，被他们拿去兑换了，真坑，,M56****066
2017-01-09,挺好玩的。孩子们很开心。住的地方也近。,_WeCh****48509
2016-06-15,总体来说蛮好玩的，不过上午人太多，最好到11。00之后再去,M39****337
2017-10-09,携程旅行真的很方便，不用排队买票直接取就好，十一原以为会非常堵，没想到人还真的不算多，也许都还在路上，小孩玩的很开心，大人也尽兴，够刺激,M57****271
2017-08-08,很可惜没去竹林绿蟒 不敢玩直冲云霄 太可怕了 有胆量的可以去试试 旋转木马很少女心 适合情侣 其他节目都很刺激惊险 到鬼屋一路尖叫 怕是鬼都被我们吓死了,M22****9663
2018-09-08,特别好   就是里面东西超贵   还不准带吃的进去    过分    不过项目蛮多的   女朋友玩的特别开心,M41****707
2018-08-20,我买的是夜场票，下午4点半入场，星期天人太多，玩一项目排了1个小时 ，好玩的项目6点半就关闭了，要玩得尽兴还是白天早点去，尽量不要周末去,m23****8367
2018-10-03,如果要玩大型游戏的话，要一进门就开始排队，否则时间会不够，单一个项目就要排两个小时的队（除了一些不太出名的小游戏，十分钟左右），我就是因为没有安排好时间，一天就玩了七个项目,M29****1597
2018-08-24,啊啊啊啊啊啊啊啊啊啊！好刺激鸭！！！过山车更好玩！！！就是…天气很热，但是不影响心情鸭！！！,萨克拉门托县祭足
2018-06-18,完美补充了南昌在大型游乐场的市场空白，但是和一线城市的比起来还是略有不足,yychao
2017-09-30,好玩，非常值得去！！！减压好地方,138****4651
2017-09-27,地方是好玩，人气太旺了，每个项目等待的时间太长了，想多玩项目的建议不要周末或有活动的时间去。,_WeCh****386614
2018-10-06,还行，第一次和女朋友去玩，一开始坐的是竹林绿蟒，等了一个多小时，有毒，吓死我了，以后都不敢坐了，总体来说还行，晕车的人最好不要去。,不死lzd终会出头
2017-06-12,"凤舞九天   竹林绿蟒   龙飞凤舞   激流勇进   鱼跃龙门   
适合情侣和小仙女们玩的仙女奇缘主题乐园   
建议在阴天去  不热  买水也能少花点钱
在人少的时候多玩几个刺激的项目
不枉费花了的money",撸撸啦啦
2018-08-05,夏天去就是晒，不过排队的人少。几乎去就能玩到。有很多刺激的。不过最后那个悬挂式过山车（图一）疯狂打脸，设计有问题。坐完那个头晕，加上太阳暴晒九先回去了。天气凉爽的话玩玩其它项目也是很好的。,_WeCh****816792
2018-04-13,过山车很刺激，里面设施都很不错，去的两次都玩的很开心，虽然排队要2个小时，但是还是很开心,_WeCh****066653
2017-05-08,万达集团在这里造了一个城，吃喝玩乐，应有尽有……,木子尹J
2016-10-15,下午人就多了基本就要排队了，不过还是玩到了很多很给力，还有很多项目没玩到下次在去一定要把那些没玩到全部给补回来，吃的东西有点贵。,高跟鞋与小叶曲
2016-07-08,不错，云霄飞车很刺激！不过中午太阳很毒，女生要做好防晒准备哦，门口会检查水、零食等，只要藏好点就不会被发现哈哈，里面一餐50一人,M21****669
2018-08-04,去的时候人不多，一个小时就把在上海欢乐谷需要一天的所有项目全部玩了个遍，几乎没有排队，个人感觉夏天的话夜场的性价比应该比较高点,ohh__
2017-10-05,游乐设施齐全，很刺激。就是人有点多，排好长的队,M24****2434
2017-08-13,非常值得一玩，项目全面，大型项目惊险刺激，失重，心跳，尖叫。应该是国内高水平游乐场哦。,星际海空
2017-04-03,去的话一定要玩云霄飞车，惊险，刺激，值得一玩。,M57****123
2019-01-03,正好前一天下了雪，乐园里面场景十分美丽，还有好声音江西赛区的选手为我们热情献上的演出，在跨年的时候一起放飞的气球场景非常好看,M30****1721
2018-09-30,人少夜场票可以玩完，还是挺不错的，喷泉也好看,M29****4654
2017-09-10,这是我第一次在游乐园玩的这么爽 太阳挺晒的人也挺多的 排队半个小时一个小时就玩几分钟 过山车很刺激玩了一次就不敢玩了 总体还是很棒的,M22****7316
2017-08-20,我特喜欢这个地方 已经第二次了 特别是云霄飞车 爽,_WeCh****860487
2016-12-21,其中有两种过山车最刺激还有电影乐园的那个球状3D视觉感官效果很爽,zy3417
2017-07-09,玩是挺好玩的，但是最想去的重林巨蟒在维修 好可惜 ，但是玩一次就够了 下次不会再想来了。海洋乐园很无趣 动物也不多 电影乐园比较好玩,M27****546
2017-07-05,太好玩了，这门票也很值，同学在淘宝买的门票都进不去，搞的买了一张，我就这样自然的取了票，然后里面风景也不错，游乐设施很好玩,_WeCh****256109
2019-02-07,N个设施暂停营业，N个餐厅暂停营业。设备保养差，跑冒滴漏很多，清洁化做到不好，看起来脏脏的。带了小孩租电瓶车，交车时不提醒验车，还车时说扶手撞破了，陪钱。工作人员大言不惭说才营业三天。景区服务配套设施有待提高，青花瓷格局配西洋曲风。诟病下:收费项目是所有乐园(迪斯尼、欢乐谷、长隆、方特等)最多，没有之一，真是最多。二次收费项目真的很LOW。王总当年带鲁豫视察还说超过上海威尼斯，鄙人之见差距不是一点点。望重视……,_WeCh****38333
2018-08-27,说实话，万达乐园真不适合小盆友玩，我们一个项目都没玩，最后走了一圈，在一个游乐场玩了一下！巡游表演的艺术家呢，很辛苦，但是当你看过了迪斯尼的巡游，再来看万达的话，那种感觉真心难受，反正以后我是不会带宝贝去任何一个万达乐园了！,佩佩214
2017-12-25,本来我以为会很多人要拍很久的队呢，很幸运不用一直等，刺激的项目每个都玩了两三次，从心跳加速到享受，很不错。因为去的那天是平安夜，所以夜场人挺多的，还有好声音学员演唱，很热闹，气氛很好。可惜我因为时间关系没有待到晚上看表演。,M25****7364
2017-10-08,竹林绿蟒和凤舞九天，云霄飞车比较刺激好玩，给人一种心跳加速的感觉，其他的游戏都还可以，不过我都没怎么玩，园区的东西太贵，品种实在太少了，很难找到想吃的，不过最后面的那个艺术灯光秀真的很震撼，让我记忆尤新,_WeCh****379632
2017-09-27,挤挤挤挤挤挤挤挤挤挤挤挤挤挤挤挤挤挤挤挤,M23****6161
2017-08-12,订了联票结果不能在海洋馆和电影馆取票，只能又绕个大远去主体乐园取，海洋馆刚进门什么都不讲就拉过去拍照片，然后说出门时交30块钱给照片，全家照片都洗好了摆在那里能不交钱吗，这叫强制消费加欺骗吧，中午自助餐68一位，和酒店早餐一模一样，西瓜皮都冻青了，除了米粥和饮料其他全部都带辣，也考虑下外地人的饮食嘛，广场在一个偏僻的地方，停车场还要每小时五块钱，你是为了防止本地人长时间停车吗，这可以叫换个形式的多揩点油吧。主体乐园几乎全都是1.2米以上孩子才能玩，兴冲冲地去了结果又不能玩，还是迪士尼设计规划得好吧，再也不去了！,M95****45
2017-08-11,夫妻带小孩去的。强烈推荐，这天气太热，别去玩。别去，别去，别去。太热。还有   小孩一米二以内免票，，，一米二以内免票。。。我在携程买的，提示不清楚，以为要买票小孩。到取票处才知道小孩不要门票。但是   ，，携程买的亲子套票，不能退。248买的。不能退，浪费了。星期六去的主题公园，星期天玩的海洋公园，推荐海洋馆，要提前一天携程买票更实惠。带二个小孩去玩，只玩了七彩天地一个节目，其他没法玩，太热。太亏了，，，十几个项目一个都不敢玩，怕小孩中暑。南昌太热了。里面的消费大概是外面的三倍，能接受。所以不推荐带很多吃喝的进去。,_WeCh****065078
2017-08-08,"夜场的万达还是很好玩的
第一次玩项目全程畅通无阻（排队一个接一个，只是为了凑齐人数）里面的项目，玩完一个接一个，真的是好紧凑。而且夜场玩人不多，还不晒。万达夜景真的很美，晚上的音乐喷泉也不错。哈哈玩的很开心，最后给态度超级好的工作人员好评好评！",M22****0911
2017-08-02,玩得很开心，里面的设施很有江西特色，过山车也很刺激。不过由于时间紧，没玩个尽兴就出来了，有机会还要再去。有一点一定要记住，买学生票一定要记住带学生证或者能清楚证明你是学生的东西，买几张票就带几张学生证。总的来说好玩，明年还可以考虑再去。,柠二懵
2017-07-06,天气很热。但是很多好玩的，不过有一些设施没有开放很可惜！不过总体来说玩的很开心！,携程用户
2017-06-10,天气好，人少，夜场的票，很值得，时间紧，不用排队，还有一些个没玩到，有点可惜，喷泉很震撼，穿越江西也好看，就酱，么么哒。,M12****148
2017-05-30,大大小小一共11人，整体感觉很好，15岁的外甥女几乎把刺激的都玩了，胆大，我带小朋友在儿童乐园玩的很开心。小长假跌入去的，排队感觉还行热门的一个小时，其他的半小时十分钟就够了，只有一个玩水的从高空冲下来的名字也忘了，孩子排队前后玩下来有三个多小时。晚上的灯光秀很好看，里面的表演也很好看。里面的环境卫生也感觉不错，饮食方面太贵，还有一点，那么大的乐园都没有提供直饮水或热水，一瓶成本几毛钱的水里面也要卖五块，伤不起，光水就买了三十几瓶。,M21****16
2017-05-05,位于南昌红谷滩新区，是江西唯一的世界级乐园。乐园集游乐休闲、剧场演艺、巡游表演、文化体验、特色餐饮、主题商店、综合服务等于一体，无论项目内容还是配套服务设施均属国际一流。还有独具特色的本土“赣鄱文化”主题。,for****olf
2017-04-27,带小孩去玩的，还不错，小朋友玩的项目还挺多，上午十点入园，到晚上七点多才恋恋不舍地离开，玩得很尽兴。大型项目没怎么玩，看着挺刺激的，有机会一定要去玩一玩。万达停车场以前停车是免费的，4月1号开始收费，五块钱一个小时，一天30块钱，有点贵，本来我们是花了钱来消费的，不应该再收停车费了。,M22****810
2017-03-29,游乐项目比较丰富，设施新、大、全，各种表演节目也不错，服务人员热情亲切，总的来说还是比较满意的。需要改进的地方是排队等候区还可以尽量优化，另外文化主题馆的内容与江西的民俗风情结合不够紧密，多数只是走个形式，如何丰富这一块的内容提高文化价值还需要仔细考量善加筹措。,151****8225
2017-08-30,项目挺多的，儿子玩的挺高兴，明天还去。,M22****6333
2019-02-08,正好赶上做活动，两张票才200出头，去的时候也不是旺季，不怎么需要排队，两个小时就全部玩完了，整体感觉乐园各项设施之间比较拥挤，有种为了建乐园而建的感觉，少了乐园该有的互动的趣味性，就是玩完了走人,m70****46
2017-12-17,离高铁站很近，滴滴打车几分钟就到，携程有专门的客服人员接待，景区内部有吃饭的地方，都是当地的小吃，项目很多，很好玩！,揖保郡商鞅
2017-10-02,一般吧，项目很多，玩不过来，餐饮很贵,道神天下之尊
2017-09-26,我是来看人海的么！大项目就别看了，都排到外面来哒！小项目差不多2小时吧。呵呵哒等于是来晒太阳的！,M23****8772
2017-07-29,天太热了，而且很多设备都在检修，想玩的好几个项目都没玩到（比如竹林绿蟒），园区的店看起来都很萧条，不过总体来说还行。,M22****9121
2017-04-29,这次过来天气不算热，人也不算很多，带宝贝玩了好几个项目，不错不错下次假期再来,风筝
2016-10-03,玩了一个上午，就两个感觉人多和好玩，,M44****637
2019-02-28,1不允许带任何食物进去，2景区里的餐食真又贵又不好吃！3很多设施不开，4里面增加了太多二次收费项目。4缺少互动性。,阿龙
2017-10-07,挺有意思，夜场时间太短，标示不明确,老门打眼
2017-06-04,南昌这个万达还是很不错的  值得来玩。,M81****51
2017-05-21,～9元购票～无敌了～哈哈哈～好耶～,_WeCh****745665
2017-03-12,一家人去玩的，过山车玩了一个，还有两个人多没玩，整体喜欢玩的人，还是划算的，小孩子太小不建议去，好多项目太小玩不了,M41****380
2017-11-18,宝宝很喜欢，玩的很开心，也特别值，工作人员帮忙圈好了地图，可是不小心弄丢了，所以还是有些地方没去成。。下次会再去,M24****2265
2017-09-20,不错，好多小孩玩的，玩的超级高兴,M23****0847
2017-09-18,好多好玩刺激的游戏，赶紧去体验吧,Twinkle-微凉
2017-07-25,早上9点半入园，一直玩到了晚上的灯光喷泉表演结束，还不错，适合年轻人玩。,abby
2017-07-07,玩的超开心，很漂亮，就是很可惜我恐高，太高的项目我都不敢玩，很值得玩一玩,_WeCh****403268
2017-12-25,去过两次了，觉得很好玩，主要玩了丛林巨蟒，竹制的过山车，还有龙飞凤舞，最可惜的就是两次去了都没有玩到鱼跃龙门，好可惜啊，真想再去一次，跳楼机太可怕了，,新百面子
2017-11-24,很开心，管理人员 服务到位！项目很多！一些大型项目很刺激！带朋友来玩 满意,M24****3577
2017-10-26,很好玩。充实的一天。啦啦啦啦啦,_WeCh****775740
2017-07-11,好刺激，特别是高的真的很刺激，,_CFT01****7390355
2019-02-17,大家千万不要冬天前往！！！整个园子冷冷清清什么也没有。几乎每什么游客，很多设施不开，体验巨差，感觉买了张假票,噶伦堡夏侯霸
2019-01-19,"  万达集团在南昌的商业广场设计非常漂亮，青花瓷设计很独特。
分好几个主题乐园➕百货参饮，一站式服务。真的很不错。",109****851
2017-10-07,环境还是不错很干净的，造型大气，玩的东西很多，国庆期间人比较多，排队都要半小时以上，所以没能玩几个项目，这次先熟悉熟悉，下回还会再来的，各方面都挺满意的，晚上的音乐喷泉也很壮观，好评好评！,M22****0889
2017-10-07,环境还是不错很干净的，造型大气，玩的东西很多，国庆期间人比较多，排队都要半小时以上，所以没能玩几个项目，这次先熟悉熟悉，下回还会再来的，各方面都挺满意的，晚上的音乐喷泉也很壮观，好评好评！,M24****0724
2017-04-06,春节去的，人和迪斯尼比算少很多了，一些大型过山车在维护没开，室内儿童乐园还是很不错的，青花瓷剧场表演值得一看,110****780
2017-10-05,之前评论大家都没明说一点：那就是如果你宝贝1.2M以下就真的不要去了！除了出口附近专给宝宝玩的七彩世界，全院就没有能玩的，性价比低到下世纪去了……,M47****828
2017-10-03,还不错  29块完了所有的东西,M23****4324
2017-06-08,前几天去的，今天又去玩了。买了七张票？带妈妈和阿姨们去的朋友们去得！飞越江西很好玩！值得大家去体验下！可以看到整个江西的风景。,M22****5030
2018-04-07,里面收费项目太多了，门票这么贵还有这么多收费项目，万达乐园怎么让迪士尼20年不盈利？王老板牛比吹大了……,甜麦圈爸爸
2017-06-18,去的时候阴天  很好 nice,囍猫女
2016-03-04,现在还在建设当中，建筑群很有意思，属于青花瓷建筑，规模很大，建成后会有全国唯一的木制过山车，全球最大的水族馆。希望大家时刻关注万达旅游城的消息。,_CFT01****8896731
2018-04-17,超级棒，进去直接冲着过山车去的，所以过山车都玩到了，没有怎么排队，玩了两个跳楼机，最刺激的居然是雨林跳蛙，里面玩的东西很多,qllbshan
2018-04-11,带孩子去的，孩子喜欢去，很开心！下次还去！,M26****7675
2018-02-14,价格便宜，项目多，工作人员服务热情周到，赞赞赞赞赞赞赞赞赞赞赞,M51****434
2017-08-07,临时决定去所以买的晚场票，4点进场很多设施5点半就关闭了。如果想要玩遍所有项目的亲们不建议买晚场票哟。,131****7810
2019-01-02,"元旦去的，大晚上的人超级多，不过玩的挺开心，毕竟跨年哦，哈哈哈
交通比较方便，地铁一下就可以玩所有，应有竟有海洋馆万达乐园和电影馆什么的，提前一天买票是可以打折的，当天买真的好贵，别人我为什么吗，没有学生票！没有学生票！没有学生票，哈哈哈。里面的东西超级超级贵而且少，如果你有一个大口袋，自己带一点吃的哦",M42****987
2018-07-06,首先，景区服务很好，很到位，游乐设施有解说，等的时候可以了解到很多细节，让等的过程不那么枯燥，安全也很可靠。但是也有较大的问题，内部装饰不能算华丽，只是一般，地面掉色很严重，水泥都暴露在外面，建筑设施保养得也不是很好，跟宣传相违，这会让人难以接受。而且里面的项目还要另外收钱，很多项目也不能玩，这真不是一个真正顶级的游乐园应该有的，我对此的理解就是游乐园还是以自己挣钱为中心，没有真正想要游客开心，不是以游客为本。总的来说，起初期望很高，宣传广告上说乐园与迪士尼齐名，但结果却不尽如人意，游乐园就是个普通的公园，很普遍的那种，给我的印象不是很好。,_CFT****84405
2018-02-06,公园是早上9.30开门，，我进去后11点了，七成以上设施不可以玩，，里面稀稀拉拉几个人，，碰一个工作人员，问她，为什么不可以玩，，她说，因为人力资源问题，工作人员不足，要等下午1.30才可以玩，，，，，我晕了，，，好吧，到下午，是开放了，，感觉这个公园没有盈利似的，，没人，没人，，哎，，浪费一上午,132****9600
2018-01-17,乐园不算大，冲着两个过山车去的，先玩的森林巨蟒，13:00开，竹质过山车，高度40米不到，角度好像70度，有一个bug开到后面耳朵会被压杆疯狂撞击，终于明白开车前工作人员说的要把头往外伸是什么意思，舒适度不行。 第二个是最高而且很大的过山车，60米不到，是u型压肩的压杆，前面有杠子给你扶。三次加速，整个过程很爽，而且装置没有给人不适感，墙裂推荐。,M41****535
2017-11-27,夜场千万不要去。大项目全部关闭。只有几个转圈圈的小项目可以做。但是坐的你想吐的感觉.很傻.而且现在这个天气去。发现里面玩的人不超过50人.你就明白了。感觉自己有点花钱买罪受。免费的夜场票送我。我都不会去了,_U2****1322
2017-10-03,携程在手，方便快捷，绝对靠谱的旅行软件。,M24****8374
2017-10-01,那天游客特别多，很热闹，玩了很多刺激项目，园内服务态度给力，棒棒哒，下次还要去玩跳楼机，玩云霄飞车！,_WeCh****182398
2017-09-27,人太多，天太热，排队两小时就为了玩那么一两分钟，想玩的都没开,_CFT0****1109
2017-10-12,国庆放假去的，场面设计很壮观，游乐园里面就是人很多，玩一个项目要排好长时间的队。好多项目很刺激，我们比较胆小，都不敢玩，比较适合年青人去。,205****785
2018-10-05,"排队的时间太长了。
时间都消耗在排队的上面，其他的都挺好的",_WeCh****130239
2017-10-24,很好玩，体验到了全中国最高的过山车和最高的跳楼机，值得玩,_WeCh****462908
2017-08-25,下次还要去玩，比上海的那个景点的好玩,M22****8708
2017-08-10,值得去玩，而且携程网上买非常方便，就是景区卖的东西好贵，,M23****1872
2017-06-24,虽然是晚场，但玩的项目也不错，尤其是大湖秀，很震撼，园区卫生工作不错，服务也很有礼貌，值得推荐！,Yucaozll
2017-01-30,很好玩特别是竹林秘境的大青虫，凤舞九天。景区内的景色也很美！晚上亮灯以后到处灯火辉煌就象琼楼玉宇一样！晚上的灯光秀，水秀表演也特别惊艳！,111****825
2016-06-05,去的电影乐园   就两个区域， 飞跃江西体验还行，钟馗送亲太幼稚,洋芋琪
2018-08-19,里面的游玩设备真的很刺激，主要是里面的饭粉一碗粉四十八，四十八快，！！！主要排队排的人都快中暑,普里亚木华黎
2017-09-17,是在携程上买的票，非常方便。这次玩得总体不错，买的是夜场票，建议三岁以下的小孩还是别去，好多项目不不能玩，不过夜场的喷泉表演值得一看。,M56****400
2017-08-16,我感觉万达乐园真的非常棒 环境好 服务佳 设施安全 而且很好玩,_WeCh****03859
2018-10-04,因为刚玩过方特，对比而言有些失望...门票进去感觉还有50％的二次消费，带着老人和小孩就是走了一圈，实在没什么玩的，娱乐社施没有特色主题，感觉都是类似过山车之类的，另一半设施全都是卖吃的地方！,_CFT0****4754
2018-08-11,这次万达之行总体来就还是很愉快，物有所值，主要好玩的项目推荐云霄飞车和直上云霄，比较刺激好玩，凤舞九天也还不错，主要天热和老要排挺久的队有点烦人！但是今天算是玩的比较高兴！,M26****8229
2017-10-07,一般，没有长隆乐园好玩，建筑设施等都不怎么好，里面还有好几项收费的东西，过了饭点就没有东西吃,M41****369
2017-09-29,过山车炒鸡过瘾！！快的那个没敢坐,_WeCh****700040
2017-09-24,夜场玩了最长的过山车，感觉很刺激，但是当天的鱼跃龙门并没有开放，乐园里面太大了，没有指示图，一直都在绕路，员工态度很好，万达棒棒哒！,M43****928
2017-07-18,4个过山车值得推荐，这4个必须玩,_CFT01****3371852
2017-04-30,优秀的鹰派会生出悲悯，优秀的鸽派会长出骨头。就好像最好的男人和女人，往往会拥有类似的美德，男人会变得温柔，女人会变得坚强。最好的人格是雌雄同体的，这句话并不夸张。——熊太行,_WeCh****71354
2016-05-24,景色是一级棒，因为是新建出来的万达主题乐园，又大又有特点，有些类似古欧洲的建筑风格很吸引眼球，游乐设施也很多。很不错。就是有点小贵。,喂不饱的狗
2018-10-03,换一个携程的票双人的排一个队；亲子的又去排另外一队；工作人员拿个手机摆个桌子极其原始的方式在换票；到处都刷身份证入园；是万达这么差还是南昌万达这么差？,186****2496
2017-09-25,我和宝贝去的，光顾着玩，没时间拍照， 还有很多地方没玩，时间不够，下次再去，把没玩的都玩个遍,爱吃爱玩的桃子
2017-09-25,晚场没人，游乐设施本来就只开了几项，还一定要六个人以上才可以玩，29块什么都没玩到，就喂了下蚊子！这钱真好挣！连灯都没有无柒抹黑！,波恩丹尼丝
2017-08-05,带着孩子，眼巴巴的玩不了大型项目，就在七彩天地里混，孩子们玩的很尽性，累趴了！慢慢长大，慢慢玩，总有一天能把里面的大型项目玩个遍！,E50****39
2017-08-05,设施齐全 游乐项目强度大小都有 适合各阶段年龄人玩 风景很不错 环境优美 不过园内餐饮小贵但可以接受 毕竟游乐园性质都较贵 总之物美价廉 值得一去,_WB6****908
2017-10-09,游乐项目挺多，带小孩也能玩的很开心，园区各种设施齐全，特别是卫生间，不会拥挤，也不用走好远。晚上还遇到黄家强见面会，不错的体验。,M89****88
2017-10-01,29抢购的票，太值得去了，水秀表演太震撼，太漂亮,_WeCh****264598
2017-06-29,很不错啊！景色很美，仙女湖非常的不错哈，赞赞赞,M22****6558
2017-03-09,那天天气不太好，游玩的游客比较少，基本上所有的项目都玩到了，非常hi，有机会还想再去。,bunnyshu
2016-09-05,火箭比较刺激 过山车还行 建议先玩点小小刺激的 交通很方便 从市区出发 老福山立交桥直达旅游专线 里面各式精品路线 建议闺蜜路线 全套刺激过瘾,_CFT01****2784300
2016-06-23,很好玩，很刺激，很久没玩的这么开心了，谢谢万达,206****633
2017-11-29,周五不要去，太多小孩了闹哄哄，很放项目没开放,_WeCh****460569
2017-08-04,很好玩，特别是云霄飞车。两个过山车都很好玩，但是真的是很刺激。俯冲的时候都呼吸不了。,_CFT0****1609
2017-02-27,玩了一天，突然感觉一切都是浮云，特别是坐完龙飞凤舞，以后都不打算坐过山车了，特别是不喜欢刺激的小女子千万不要尝试，我觉得我还是喜欢夜晚的喷泉，。,YY丽丽
2016-11-08,玩的还开心，竹林绿莽超级刺激下来的时候腿都是麻的。云宵飞车也比也比其他的地方大得多坡度也更峭。身边的朋友都玩了两次还是不过赢,_WeCh****19074
2016-08-07,很好，有一个这么好的属于我们江西人的游乐园，,_CFT01****0426459
2017-10-31,觉得去年万圣节好玩一些，总得来说还可以吧！,豪情万丈2013
2017-09-09,不像深圳欢乐谷有特别为小学生玩的一个区 大部分是机动游戏，1.4以下的都不怎么适合玩。稍微她玩点的项目要自掏腰包。建议中学生去玩，带小孩的就算了,M41****257
2017-07-22,不错，取票方便，价格实惠，而且里面相当刺激好玩，我们在里面玩到九点才出来，很开心！,_WeCh****150812
2017-04-26,项目不是非常多 但是太刺激 我不太敢玩 坐那个木质过山车真心吓人 哈哈 喜欢刺激的人可以去玩 ,_U4****2827
2019-01-26,如果不做那三个过山车，那一圈下来最大的亮点就是“没有亮点”，这天没有什么需要排队，因为真没有啥人，10点入园，前一小时基本啥没有玩，不是设备故障，是人少不开...，里面也没有什么吃的，也不让带吃的，不要说跟迪斯尼比了，比方特也....，不会想来第二次，一天下来没啥让感觉记忆犹新，不好玩,M35****800
2018-10-10,正好遇上教师节，门票优惠，带上一大一小四个人，从中午玩到晚上看完了音乐喷泉才回来,上善若水
2018-10-05,电影乐园工作人员态度消极，很不友好。询问本乐园相关问题，回答含糊。排队飞跃江西的时候，提早把套票给工作人员看，工作人员告诉我排队。结果排队半个多小时后马上要入场了，却告诉我要先去玩钟馗送亲，才能玩飞跃江西。还要重新排队两次，真的无语了。网上写九点半开始，现场工作人员却说每次开场时间不一致，当天十点半才开场。,胡拨心弦
2018-07-16,很多项目没开，有一个女工作人员态度超级差（小孩爬着玩的那个飞机项目），游乐场里面有那种关光车，居然不带游客，大夏天的在太阳底下爆走，脚都断了，很多项目很远，实在走不动了没过去玩，门票比较贵两百多，里面还有很多收费项目，冰雪项目租件衣服都三十，太贵了，我们人又多租个衣服都花了几百块，以前去横店租衣服都是自愿的，不租也可以进去瞧瞧，这里是强制的不租不让进，结果进去就是屁大的地方，一万个后悔进去了，总体来说很差，不是带小孩子们去玩我是不会去的！很垃圾！,M27****6304
2017-12-03,挺好玩的，值得来，嘻嘻夏天应该更好玩，水上的都没玩，那个大蟒蛇和飞车很刺激，好多小朋友可以玩的设施！,M58****703
2017-10-07,到了主题乐园第一感觉就是大，过山车都有三种，游戏项目也够刺激。还有就是因为国庆黄金周再加上有欧阳靖的活动，所以人特别多，刺激的项目排队差不多都要一个小时。另外买夜场票的话有好多项目不到晚上6点不到就不开放了，所以还是推荐大家白天去玩，时间也比较充足。,Amooox
2017-09-29,一共五颗星，我只给了三颗星。？别问我为啥。一号线把我挤的变形二号线全是万达乐园。到了就开始排长队，太阳那么毒，排了一个钟头告诉我们可以凭订单号进去，结果又在检票口开始排队。简直太乱了，排的队伍真的是乱七八糟，多放几个一米线隔开啊，这样就不会乱七八糟。进去了还是要排队，一天下来排队三小时游戏二分钟。流汗一整天，还有想玩其他的都不知道在哪，还有乱指路的。贼糟心。,_WeCh****123260
2017-09-27,排了很久的队取票，其实一开始就应该看短信进！园区内服务员的态度还蛮好的。设施开放的也多，就是天太热啊！感觉整个人就要炸了！整体来说还是很优惠的所以人也多，坐过山车排了两个小时，鱼跃龙门3个多小时？总之玩的很开心~,M22****0804
2017-09-20,已经是第二次玩了，给我印象深的是晚上8点的表演，那喷泉真的很震撼！气势及美幻，还有真人秀，真是完美。人不多，好处是不用排长队，不好处是人少，一些项目关闭。看着这么大的场地，人少，心里真痛惜。多么希望物尽其用。,M61****058
2017-09-02,没什么人，玩的没气氛，有好些地方的项目是不开的，其实感觉就是以前南昌宝葫芦改的，下次不想去了，不过地铁直达确实方便了很多,贝贝
2017-08-16,我们是早上9：30到14：30游玩的，说说感受，一是进门处和园中各个游戏项目排队等候区域类似这样的风扇全部没有开，这么热，你们既然安装了这种设备，为什么不开？难道游客们就应该热着排队吗？细节上就落后某某尼一截，至少某某尼每个排队的地方有风扇和加湿器为游客送凉，千万别说票价差距，重点是这里有设备却不用。二是这个青花瓷的项目，明明有五辆车，却只让两辆车供游客玩，另外三辆就这么空着放走，本来不用怎么排队的项目，硬是让游客排半天，而且一直不说原因，直到有人问才说四个字“因为坏了”。。。万达，加油，希望你们能做的更好~,哈哈2333
2017-08-09,儿子8岁，女儿5岁，携程订票一家4口定了一个亲子套餐，女儿免票，提前一天在网上订票，第二天滴滴顺风车直达万达，大厅自动取票机取票，提前做了功课，老婆带着女儿顺时针游览，我带儿子逆时针游览，中午会合吃饭休息，餐厅是不错的休闲场所，服务也蛮热情，点了两个面，一个饭，全天消费门票400，车费110，饭160，饮料零食80，家里比较远，南昌的朋友在可以在老福山坐30分钟一趟的万达旅游大巴，一天花了700有点肉痛，看着小朋友玩的满足也值了,M45****446
2017-07-27,上次人多来的时候什么都要排队，好多东西都没玩到，这次人少来玩，人不够不让玩，四个过山车关了三个，剩下一个最短的，被太阳晒的器械都发热，到了傍晚，项目关了一大半，基本上什么都玩不了，鬼屋就尼玛两个人，坑爹呢这是，以后再也不来了,_CFT01****5740386
2017-06-21,携程上买的票比售票处便宜很多，5：30进去的。去的时候人不多，有些游乐设施说好了开到6：30，可是工作人员5：20就停止服务，说要打扫卫生。好坑，场地不大，建议买夜场票，拿到票先去到电影乐园看赠送电影。看完后5点抓紧入园，进门往右，把6：30票停开的游乐项目玩一遍。晚上蚊子多了就到儿童馆玩室内游戏，还有空调。出来后对面看喷泉。然后8：00闭园回家。时间很合理，说实话买白天票又贵且这么点大地方不需要这么久的时间逛。,206****366
2017-03-11,非常不错，，，，，，，，，，，，，，，携程订票便宜了15！！！？？？？？！！！！,新宇1993
2016-10-02,三大最过山车是亮点，最高的过山车最长木质过山车最快悬挂过山车。就是里面东西太贵了，最高自己带水带东西进入不过要没开封过的。去玩的朋友最好别在外面买雨衣，一下就破了里面也才10块，质量比外面卖的好多了。,M46****224
2017-10-08,10点入园，玩到8点才出来，一家老小玩的很开心，园区很大，项目也多，值得一游,_WeCh****93617
2017-08-05,"刺激超级刺激的～
还有一些水上项目，超级好玩
特别是那个直冲云霄，真的不是一般的比例啊，还有竹林绿蟒，建议你们去哦！",Sophie帆
2017-07-28,服务态度很好，里面的设施也是一流的，,_WeCh****076095
2017-06-20,好玩，但吃的太贵了。这次游玩很值得。,嘻嘻茜茜xixi
2017-06-04,旅程真的很开心，带着宝宝逛夜场，能玩的项目都玩了！还看了表演和烟花秀～棒棒哒,M21****135
2017-05-10,刺激好玩，只是人太多，好多项目没玩到,_WeCh****36661
2017-05-01,五一去的 人超多 一个项目就能排两个小时,_WeCh****63425
2017-02-03,这里值得去玩，小孩大人都玩得太开心了晚上的景色非常的美。,M11****858
2017-01-11,云霄飞车，绿林巨蟒挺刺激的！太棒了！,_CFT01****4060300
2017-09-26,挺刺激的就是今天人特别多，天气炎热,ruffys
2017-08-16,一个吃喝玩乐的好地方，网上购票很方便而且便宜不少。周边酒店购物的配套设施也很方便。8月18号地铁开通交通会更方便。,M17****155
2017-08-09,很快乐的一次旅行，正好天气给力，就是玩的时候要早点去，省的要排长队耽误时间,M23****4718
2017-05-01,最刺激的莫过于过山车了，下次去鬼屋,小小欢99
2016-11-06,这里项目多，适合游玩，刺激项目多。,205****206
2018-07-14,玩得好开心，蛮赞的，好多项目迪士尼都没有，在这里就有，玩了三大过山车，漂流各种，看了俩个剧，反正我来的那天没啥人，dou没排队，每个项目都能玩好几遍了。,M22****7400
2018-02-25,非常满意的一次出行，带孩子玩得很开心，尤其酒店环境优美，孩子特别喜欢！,M33****162
2017-10-09,游乐园好大的 夜场票很划算 就是动作要快一些 要不然很多高空项目是不开放的。,_WeCh****20031
2017-09-28,真心不错  不过有些项目我不太敢玩,后知后觉噢
2017-09-26,人真的太多了，玩一个云霄飞车居然等了三个小时，用一句话概括，等待三小时，游玩三分钟，划不来，脚都等的发软，其它项目玩也是等，下次再也不这么多人来玩咯！,稳稳的幸福520
2017-08-06,还比较好玩，就是里面的东西太贵了，还不提供开水喝饮用水，一瓶矿泉水五元,M23****3023
2017-06-30,真好玩有好看，就下了一点小雨。,M22****4769
2017-10-07,玩的还可以，平时人少点，国庆人多，排队不想排啊，晚上水上节目还可以！,草木流痕
2016-08-28,很好玩，过山车三个，各种体验，晚上的水上节目也很棒，灯光效果完全没法形容。期待下一次光临,_CFT01****2425536
2018-10-15,地方不大国庆人多游乐项目孩子喜欢很多高空。飞行很刺激晚上喷泉很漂亮,自由自在在
2017-10-29,项目比较刺激，心脏不好的真的不敢去试，还有各种万圣节逗逼鬼，遗憾的是有些项目不知道什么原因没有开放，白花10块钱在门口卖雨衣的大妈手里买了两件雨衣,M36****652
2017-08-21,过山车 特别的刺激 还有独木的不敢玩 超级帮 很愉快的一天旅途 希望下次再来,_WeCh****326101
2017-07-31,今天一家人出行玩的很开心，虽然下了点雨，但在雨中现神龙摆尾好刺激呀,M28****076
2017-06-30,设施很好玩  场所很大  值得去玩,_WeCh****265665
2018-07-30,一点都不好玩 说是一票通完 还不是有很多要收费的 还有那个雨衣 别在外面买 外面买的和里面的相比真的是超破 很多想玩的项目都在检修 一点都不值票价 其他就不想多说了  总之是很不满意的,M22****0509
2017-08-12,很不错，玩了一天真的是累趴了，很多项目真的是太刺激了，玩的很开心,_CFT01****8186868
2017-07-30,带小朋友去玩的，买的夜场的票，人不多，玩的项目都不用排队，比较划算，也很好玩，峡谷漂流好玩，过山车刺激！,M22****8281
2017-06-10,天公不作美，但是还是很开心，大湖秀很壮观，特别是飞越江西很不错。,_WeCh****03048
2017-05-20,游乐项目很多、很刺激，一天都没玩完最后怂了没坐过山车。 血的教训一定不要节假日出去玩啊、 排队浪费了一半时间。 优惠券很实用，里面的饭菜太贵了。很满意,SO CRAYON
2019-02-07,一直觉得在携程买票很方便，会继续坚持在携程买票，方便而且省钱！,320****761
2017-12-03,很好玩，宝宝玩的非常开心，下次还会带她来玩,M44****709
2017-10-09,划算，挺好的。值得一玩。里面的设备很刺激。小孩玩的也挺齐全的。,M24****0878
2017-07-24,万达主题乐园给我带来了不一样的游玩体验，里面的过山车很惊险，刺激，还有许多游乐设施也很有趣，太好玩了！,M39****872
2017-07-15,太垃圾了，不负责任了，买了票不能玩，也不能退，客服还不让退票，又要不了，真是醉了，再也不到这买了，垃圾，大家还是小心点，真是吃一堑长一智，心塞,M22****8505
2017-06-07,万达乐园夜场玩的，正好去赶上几个比较火的项目，人数不是很多，玩的还不错，主要是携程的价格便宜，别的网还是收的日场的价格玩的夜场的票。不错不错，,_WeCh****82423
2018-10-13,本来是期待满满的去的，但是平时可以带零食进的，那天就不让带了， 说是什么食品安全，问工作人员为什么不能带，她就说有意见去打投诉电话，问他投诉电话是什么，就不做声了。难道我自己带的东西我能把我自己吃死吗？实际上就是因为里面在开什么美食节，要的就是所有游客去他那里买吃的！平时走在园区里没有这么多自动售卖机，那天去的时候格外的多。真心搞不懂本来门票就比平时贵了，为什么还要变着法儿的让我们在里面消费。说是什么主题音乐节所以这么贵，宣传广告上的舞台和观众区跟现实的也差太多了吧……这个先不说，就说这演出时间安排，跟现实完全不同好吗，安排表上说会表演30分钟，实际上三分钟没有就丢下一个舞台，人都不见了。总之，这次的体验很不好,M29****3041
2018-09-02,整体感觉还不错，挺大的，大部分项目玩了，玩了一个木制的过山车，全程闭眼，脖子被甩的痛，太吓人了，去的时候人不多，没怎么排队，那个世界最高过山车没敢体验，一路上听到尖叫声。在里面玩了一天，小孩累了要出去，晚上7点半有烟花表演没看，有劲的话所有项目都可以玩一遍，有两三个项目在维修没开，也值得了，都是在携程上买的票，拿票很方便,穗香健康生活馆
2018-04-05,十一去的，每个项目都要排几个小时队，过山车真是炫酷刺激，漂流太缓了，没玩几个项目就到点了，不让玩儿，看了喷泉表演还不错，还有杂技也是棒极了！,ha****n_
2018-02-15,"比较一般的游乐场，
儿子去了好多不能玩，
没有想象中的那么好",小俞吃小鱼
2018-02-04,我是2月4日去的，携程买的周末双人票，取票在大屏幕那，取票很方便。三大过山车，据说世界最高的过山车和世界最长的竹制过山车都没有开放，人也不是很多，里面的可玩设施也不多，跳楼机玩了两次，鬼屋真的一点都不吓人，有些设备比较破旧，万达乐园也没有开多久呀，怎么就变成这样了。总之性价比不高。,人生如歌
2017-06-30,夜票的话，三大热门景点都不让你进去的。其他的随便玩。另外，携程票的飞跃江西是在外面的万达广场里面的，最好先去看了再去里面,健康美味大米粥
2017-03-30,"我订购的是万达嘉华度假酒店的套票。千万不要跑去万达嘉华酒店，不是一个地方，我就看掉了度假两个字。跑了冤枉路啊。万达嘉华度假酒店包含湖景房双人床。早餐自助。两张万达主题乐园的票。酒店室内室外都有儿童乐园，二楼有健身中心，游泳池是冷水，要恒温德要去隔壁的文华酒店，只需要房号就可以。有个宝宝感冒了，我们泳衣泳帽都带了但是没有去。
还是很划算。入住还是很快的。押金500元，前台的工作人员很亲切。整个酒店静谧，香薰闻着也很舒服。住宿酒店包含的自助早餐真的非常棒。意料之外所以没带手机下去拍照。很满意。品类非常多。早上退房也顺利。
早上起来就去做的公交车去的主题乐园，其实走路也不远，但是我们都不愿意走。一站路就到，酒店出门右手一百米左右，公交车都到。过了马路走进去就可以。看到一个喷泉的龙头，左手边是万达茂。乘坐电梯上去可以看到游客中心，寄存行李后就在左边验票。整个过程都很顺利。
建议携带未开封的食品，可以在乐园里面进餐，也很方便。洗手间和热水供应也好。热水供应在各个餐厅都可以免费打水。世界级主题乐园，万达斥巨资邀请世界排名第一的主题乐园设计公司福瑞克(Forrec)担纲设计、倾力打造，首度实现世界级主题乐园元素与中国传统文化的融合，多项设备全球专利、万达专属。
万达主题乐园由竹林秘境、云霄仙阁、鄱阳渔家、五彩瓷都、仙女奇缘、世外桃源六大主题区组成",悠悠哒哒
2017-03-08,女儿太小了，只能玩少数的几个项目！不过女儿还是玩得特别开心！,M19****581
2016-08-25,性价比不错，里面玩的很多。早上刚开园的时候进的，上来第一个就冲丛林绿蟒去的，所以没什么队。过山车很刺激，就是晚上睡觉脖子有点疼～鱼跃龙门也很好玩，好多小朋友完了又去排队。当天有几个大项目没开所以下午两点就走了！顺便说一句，里面饭菜真有点贵～我跟老婆两人买吃的快有一张门票钱了，密封的水和食物是可以带的。祝大家玩开心！,133****3394
2018-05-05,非常好玩，项目比较刺激。胆大的可以试试,寂寞在旅行
2018-02-20,超棒的，有很多游乐项目，一天玩下来还意犹未尽呢，下次还要来,M46****551
2017-11-05,还可以，就是人太多了，没有玩到几个东西,_WeCh****030294
2017-09-30,还不错，就是没有什么适合老年人和小孩玩的，年轻人玩比较刺激,M23****2238
2017-07-28,玩的特别的好，就是选的日子不好，太热了。但是总体是非常棒的,_WeCh****076095
2017-02-01,设施非常齐全，节目也非常丰富，非常适合年轻情侣和家庭旅游，一些项目很刺激但是也有适合小朋友玩的活动，而且还有节目的循环表演，玩的非常开心。,_WeCh****10903
2018-05-01,混乱，黄牛遍地，秩序不要，体验极差，来了就不想第二次啦，,_CFT0****3427
2017-12-10,非常不错，蛮好玩的，下次有机会再去～,M24****7472
2017-10-15,玩的很刺激，尤其是过山车，那个云霄飞车真的刺激，还有神龙摆尾也爽，跳楼机吓到我了，一般人不要去玩,演绎jm
2017-10-09,吃喝玩乐应有竟有，环境优美交通便利。,就这么个社会
2017-10-04,人太多了，不值得，排了两个小时队，才玩了两分钟的云霄飞车,_CFT01****3997479
2017-08-18,孩子们玩的开心，大人玩的尽兴！！而且地铁开通了，超级方便,_WeCh****00141
2016-10-03,还不错，但是国庆期间人有点多。景区内玩的还挺好，服务态度大部分不错。但是个别工作人员爱搭不理。食物偏向单一并且不好吃。卖的纪念品倒是还好,M41****599
2018-10-01,"飞跃江西不错，领略江西美景。钟馗送亲就一般了，就是体感游戏机一样。
另外入门查票非常严格，高一厘米也要购全票，所以大家别跟我一样抱有侥幸心理，超过一米二自觉购票，以免浪费时间！",150****0152
2017-09-30,还不错，好玩，景色不错，活动也很是新颖！玩的还蛮开心！,M24****4631
2017-09-28,携程专享买的活动门票，虽然人有点多但是还是玩得很开心。,205****441
2017-09-26,超级酷的过山车 还有大摆锤 跳楼机 还有个360的翻滚 很开心,M23****0068
2018-12-23,环境非常棒，服务很优秀，好评，还会再来，明年考研见！,_匆匆那年
2018-10-04,工作人员态度真的差，不愧是南昌人,_CFT0****7689
2018-06-16,有很多很好玩新奇的娱乐项目，比如云霄飞车，竹林绿蟒等，可惜的是有两个最刺激的项目没有体验到。,爱而未得
2017-10-07,很好，乐园很大，排队时间都在30分钟左右，对于国庆出游已经很不错了。旁边还有配套万达百货可逛,203****261
2017-09-27,玩的很嗨，尤其这么大的优惠，工作人员也很棒，服务很好，有机会下次还会过去,_CFT01****2293368
2017-09-25,不要去真的太坑了，这个不开那个不开，再也不会来夜场了,M23****2897
2017-06-23,非常刺激  非常好玩  只是突然有点小雨   但是我走的刺激路线预想是项目都玩过  很过瘾   工作人员服务态度也好,康杭马奥艾略特
2016-10-13,支持万达，好歹在南昌！里面有适合不同年龄的娱乐设备，挺不错的，还有各种刺激的过山车，虽然我没敢坐，但看看都过瘾！不足之处在于水上项目少了点，才两项，而且园中吃饭的品种也太少了点，还不说他贵了！,li****s_3
2017-07-31,还不错，玩的挺开心，走的就是累了点！一个下午都还没玩够呢！可能是下雨的缘故吧！总体还不错！,M22****0649
2017-07-26,特别好的体验，其实在乐园里转转就超值，而且还有飞跃江西和大湖秀。精彩！,M39****515
2017-07-01,下雨啥都没玩成，但电影乐园的飞跃江西非常值得一看！,M22****0255
2018-10-04, 不让带吃的  在北京欢乐谷都让带  只要不拆开就可以带进去！！！水还只让带一瓶  真的是很牛了  不就是想让我们在里面消费？里面一瓶1块钱的水卖5块饭48一份  呵呵。,_WeCh****837361
2018-07-22,里面有小孩子玩的，有大孩子玩的，更有大人玩的，什么年龄都们找到自己玩的，有一个木质过山车，还有一个据说最高的过山车，悬挂过山车，万圣节晚上还有cosplay，值得去一次,两袋面
2017-10-07,过山车还是不错的，孩子小就别去了很多不能玩。吃得太贵，趣味性也不强。,_WeCh****268268
2017-02-10,去了绝对值，项目多又好玩，最刺激的就是云霄飞车。,M48****847
2017-10-09,还可以 就是员工态度其实很欠揍 以为是自己家开的，对着朋友就说滚 设施一般吧 王健林说点说大了,_CFT0****4825
2017-04-30,办了年卡，玩过很多次了，这次是带老人去。现在停车要收费了，而且很贵，玩一次就要二三十元停车费，不合理。等年卡到期后就不会再去了,_M13****3372
