cat_comment_time,cat_user_comment,cat_user_name
2019-03-16,江南著名的名楼之一，感受大唐盛世，现场感受滕王阁序，非常棒的体验,海上出云
2019-03-16,在景区售票处购买也是25元，网购没有额外的优惠。滕王阁是四大名楼里最好看的一座，内部六层层层有看头，只可惜天气不好，站楼上看不到赣江对面的高楼。,137****5218
2019-03-16,自己去，想玩多久玩多久，想拍哪拍哪，地铁1号线到，很方便，网上买票25，很划算，登楼远望，江水悠悠，心情也豁然开朗，推荐。,M36****386
2019-03-16,作为江南四大名楼和南昌赣江的地标，强烈推荐去。如果说有什么不足的话，管内的陈列物品有些没有说明，不知为何展出。,286****831
2019-03-16,游客不多 整体感觉很好 滕王阁是南昌必游景点,M16****338
2019-03-15,方便快捷，即买即用，刷二维码就可以进。,M33****241
2019-03-15,第二次到滕王阁游玩，整体感觉非常好，到南昌非常值得到此一游。,320****359
2019-03-14,很好，值得一看，历史明迹，登上滕王阁，感觉就是不一样,大正彩翼郭老师
2019-03-14,可以去感受下………………………………………………～～～～～………～～～～～～～～～～～～～～～～～～～～……,_WeCh****42420
2019-03-13,总体感觉一般啦，就有一个阁楼！,_WeCh****12491
2019-03-13,环境不错、管理正规、内容丰富、值得一看,兔子6
2019-03-12,景区景点门票价格很优惠，南昌的标志性景点之一。,阿尔岑瑙-因-尤特弗兰恩蒋济
2019-03-12,停车方便，在滕王阁上看江景也好，上下7层各有不同。代入感十足,_WeCh****534266
2019-03-12,很方便，景区直接刷二维码，优惠时候买的半价票很给力哦,_WeCh****217982
2019-03-11,位于赣江旁边，历史悠久，气势雄壮，而今已是南昌历史名胜风景区，核心景点为滕王阁，附近接连新建了其他附属景点，形成了一个历史文化景区。,当地向导小玉
2019-03-11,到南昌旅游的时候正是春节假期，人相对比较少，滕王阁，做为南昌必游景点，因为王勃的名句名扬天下。相比岳阳楼，黄鹤楼远望洞庭湖和长江的开阔，从滕王阁远望，古时那种秋水长天一色和孤鹜与落霞齐飞的景色已经看不到了，不过滕王阁还是很雄伟，遥想当年，王勃一句一句，渐入佳境，直到那两句名句出现，从此无人不知，无人不晓。,车载Z网
2019-03-10,滕王阁是南昌的符号，唐代诗人王勃曾留下“孤鹜与落叶齐飞，水天共长天一色”的千古名句，滕王阁几经摧毁和重建，近代在梁思诚先生的帮助和指导下，才有了现在的滕王阁。滕王阁一共六层，每一层都有不同的展示区，这能够为我们更加的了解滕王阁的历史和变迁。在顶层，你能看到状阔的赣江，在黄昏的时候更加的体现了王勃的那句名句。园区虽不大，但是可玩性还是很好的，总体来说是非常值得的历史文化古迹旅游景点。,简单游人
2019-03-10,"我家装修选用了当时我最喜欢的一副字帖作为墙纸，由于没文化不知道字帖上的狂草写的是什么，真心潦草!随着时间的推移我慢慢读懂了几个字&quot;物化天宝，人杰地灵&quot;从而知道了&quot;秋日登洪府滕王阁饯别序&quot;,知道了&quot;王勃&quot;的平生故事。激发了我这个宅男想来滕王阁看看的想法。非常雄伟值得一去。还可以看到历代想超越王勃的书法大家留下的字帖，韩愈等。最好的词和情感都被王勃用完了，后人也只能仰视他。可惜英年早逝。",布雷西亚孙秀
2019-03-09,不错的，物有所值，包罗万象，古色古香。,博乐彬公爵
2019-03-09,人杰地灵，超级大的建筑群，滕王阁是一个博物馆，包罗万象，不错的经典。,博乐彬公爵
2019-03-09,人少，可以。不是原版的，电梯上。,M26****7217
2019-03-09,打卡景点吧，来了南昌必游之一，登高望远景色好,zzj****50
2019-03-08,景点不错 服务人员不太认真 拍照的好地方,M22****441
2019-03-08,非常不错的旅游景点，很值得推荐。,bravelion
2019-03-07,虽然不是原址原楼但还是值得一看的毕竟是明楼阿文化底润深阿,M32****928
2019-03-07,很有意义的一个地方，景色很优美。,小林6699
2019-03-06,几大名楼之一，对于历史兴趣一般的话也就走马观花了,118****088
2019-03-06,讲解的不详细，而且有好多地方没有讲解，还太笼统了,M28****2830
2019-03-05,"滕王阁非常有气势，在江南三大名媛中位居之首
关键是门票价格不贵呀。",tomtang1
2019-03-05,每层都有不同展览，只是电梯不能用，爬上爬下有点累，还有很多人不按游览路线上楼，如果是旺季，有安全隐患。,138****6547
2019-03-05,很不错的景点。白天好，晚上更好。看演出，很不错。继续努力！,myfly2006
2019-03-04,仿造景点。可以登高望远。属于打卡游。去一次就可以了。,wxwangela
2019-03-04,整体感觉还不错，就是票价太贵了！,che****776
2019-03-04,滕王阁作为历史遗迹，的确是个旅游并且学习涨见识的好去处，同时还可以登高望远，只可惜排入江中的水太脏了，污染；身份证刷进入很方便，但本想拿一张纸票面做纪念的，却没有办法，问工作人员也不知道，也不热情解释，可能因为人太多了吧，又下雨。,RubySu
2019-03-04,气势雄伟，可以被火烧了许多次。,JY1969
2019-03-04,南昌滕王阁是中国三大名楼之一。滕王阁也是南昌的标志性建筑。滕王阁是南昌的5A级景区。滕王阁里面展示有很多国画，书法，雕塑等艺术作品。滕王阁里面有电梯，在第6层有非常华丽的藻井。第5层出门到栏杆的地方可以观景，对面赣江的高楼大厦挺不错的。,M22****1684
2019-03-03,很赞，祖国的大好河山，不虚此行,MJMJ
2019-03-03,人工景点，应该说是假古董，就楼下的石马还象回事。,先秦风月
2019-03-02,特色鲜明的旅游景点，不愧为是江南四大明楼之一。内部建筑挺多，可惜都是新的。腾王阁也是新建的，但楼的设计和地理位置还是很有特色的，里面的江西人文介绍和腾王阁历史沿革都是不错的，是去南昌必去的景点。,山哲看雨
2019-03-02,特色鲜明的旅游景点，不愧为是江南四大明楼之一。内部建筑挺多，可惜都是新的。腾王阁也是新建的，但楼的设计和地理位置还是很有特色的，里面的江西人文介绍和腾王阁历史沿革都是不错的，是去南昌必去的景点。,山哲看雨
2019-03-02,非常漂亮，大气！左右两边的建筑也非常的好看。,M26****3214
2019-03-01,落霞与孤鹜齐飞，秋水共长天一色~王维的《滕王阁序》脍炙人口，到了南昌当然必去滕王阁~只不过现在想看到王维笔下的场景...难了...,ccpp
2019-03-01,景点售票45元 携程上用券优惠20 棒！在南昌五六年一直没去 这次特意从山东赶来玩的,M25****5348
2019-03-01,很不错可惜就是现代风格太重了失去了古代的味道,_CFT0****9085
2019-02-27,景区环境还好，沿江而立，交通方便。夜景灯光更漂亮。值得一去。,kq****58
2019-02-26,阴雨天，湿冷。滕王阁车场那么大，周边的八一步行街一带怎么都找不到车位，商场车位都看不到。,zzz****56
2019-02-26,整体感受还可以，只不过好像整个景点都是新建的了。,153****0015
2019-02-26,南昌必去的名胜古迹滕王阁，节假很多外地游客。春节期间游客更多，南昌本人凭身份证可半价25元购票，门口还有十分钟内背下滕王阁序可以免票的活动。滕王阁游客比较多，门票需要二次检票，电梯是对65岁上老或者孕妇抱小孩的游客乘坐的～每层楼都可以慢慢参观。指时间太极广还有工作人员表演舞蹈。,Freedom
2019-02-25,"滕王阁景区除了主体建筑，还新建了大片的仿古建筑，有定时的免费舞蹈表演，慢慢地走走看看，碰巧遇上一个旅游团，便跟随着蹭导游的讲解
到南昌的必游景点",飞扬的羽毛
2019-02-25,很好的景点，玩的地方很多，由其是惊鸿舞。,_U4****1881
2019-02-25,非常的好玩非常的有意思和朋友一起去。,冰山Rami
2019-02-25,中国名楼滕王阁，是到南昌的必游之地，门票物有所值。雨中登滕王阁更有一分情调。现在景区增加了不少新的内容。,罗宾逊维勒斯帕克
2019-02-23,还不错，可以去！人也不是很多，值得去,yuan333
2019-02-23,一个打卡的地方，就这样吧，还行,西蜀沐川
2019-02-23,非常的用心，有很好的藏品，很好的服务，还有滕王戏，点赞！,别想得到我
2019-02-23,中国名楼滕王阁，是到南昌的必游之地，门票物有所值。,ma0811
2019-02-23,景点较大，很有特色，需要漫漫体会，不过值得一看！,267****853
2019-02-21,很不错 我去过黄鹤楼 蓬莱阁 、相比较而言 滕王阁性价比最高！,M23****5150
2019-02-19,风景好，值得游玩的，网上订票方便。,M38****893
2019-02-19,不适合我，所以一般……又冷又没得玩……,王小木
2019-02-19,为了想看看演出才去的，结果去的那天说什么设备维修，竟然没有演出……所以，我感觉啥都没玩到……不适合我哈哈哈，应该是不会再去了……,王小木
2019-02-19,携程网上订票很方便，不用取票，直接刷身份证，门前有很大的停车场，就是注意周边都是单行线，当天下雨参观的人不多,CleverBaby
2019-02-19,购买，领取票很方便，滕王阁地方挺大的,ch****li
2019-02-18,不错，每一层都有一个主题，看了黄鹤楼再看滕王阁，风格不同。就是周边景色有待整改，尤其是周边水域，看到又脏水流入，影响景色。,妙妙0101
2019-02-18,三大亮点到了第二个，第一个是黄鹤楼，腾王阁真心说不错值得一游！,320****767
2019-02-18,早上出門就小雪紛飛，到滕王閣參觀，位於江西贛江旁，因唐太宗李世民之弟滕王李元婴始建而得名，又因初唐诗人王勃诗句“落霞与孤鹜齐飞，秋水共长天一色”而流芳后世,Wumeei
2019-02-18,到南昌的必游景点，地标建筑，在楼内了解到滕王阁的历史，被毁多次重修多次，饱经岁月，最后一次修缮是建国后，所以也不知道他的原貌是不是这样，但这并不影响游人观赏他的宏伟，登顶后视野开阔，依邻赣江，晚上有亮化工程，非常气派，值得一去。,追赶狼群的羊
2019-02-18,滕王阁很美！尤其是晚上的滕王阁，远看近看都很美。可惜的是，天气凄风冷雨，看江景的效果虽说别具一格，但是太冷了，室外几乎待不住，估计天气晴朗时，观感更好。,楷欣开心
2019-02-17,演出越靠后越好看。这么冷的天，演员室外表演那么长时间，真是不容易。,myfly2006
2019-02-17,景点很不错景色也很美可以看长江,瓦拉斯触龙
2019-02-17,很棒的景点 每层楼的东西很多很精彩,_cb518****317583
2019-02-17,很棒的景点 很壮观 每层都有看头,_cb518****317583
2019-02-17,十分推荐游船，赣江的灯光秀和滕王阁相辉映，非常值得,_M18****8073
2019-02-17,很好，很棒，亲生体验感觉很好 ,_M18****8073
2019-02-16,值得一看，里面还有很多小展馆。,M44****148
2019-02-16,名楼，有电梯特方便轻松，适合老人上下,闷闷闷闷闷闷闷闷闷闷
2019-02-16,南昌必打卡地。最近去坐了滕王阁夜游轮，如果买了南昌旅游年卡只要花2元保险费。南昌的一江两岸景色真是不错，有空可以去转转。,_cft01****2518013
2019-02-15,南昌必去打卡地方。景色还是非常不错，小孩眼镜不小心因为戴帽从五楼掉到四楼了。第二天200元雇工作人员去捡回来。,草原战狼
2019-02-15,讲解员经常偷懒，大部分都跳过了，只给讲20[%]的知识点，半小时花了100元讲解费。建议不要请讲解。,为太阳增辉的红鸡冠唐三郎
2019-02-15,没什么看的，也没什么玩的，不值这点钱。,路人甲NO1
2019-02-15,挺好的，滕王阁上面风景还不错。,M32****601
2019-02-15,挺好的一个景点，抽空去了还不错,凤之呤
2019-02-15,去南昌，就要去滕王阁，它会给你很大震撼，特别是晚上，壮观！,M12****664
2019-02-14,腾王阁，这天天气雨蒙蒙，还好吧，值得一去,320****767
2019-02-14,不愧是三大名楼之一，包含建筑、书法，彩绘、壁画，瓷画等值得一游,M10****044
2019-02-14,滕王阁就楼上还是蛮不错的，值得一去，适合夏天游玩,M30****8312
2019-02-14,还好还好哈***************************************************************,M15****628
2019-02-13,奈斯奈斯**********************,lxyIlhf
2019-02-13,以前以为是古代留下来的，去了才知道现代造的。。。。。。。。。。。。。。。。。。。。。。。。。。。。。。。。。。。。。。。,小青菜鸟
2019-02-13,非常️内涵，很值得一去。建议提前一天购票，可以便宜5元一张。,m10****56
2019-02-13,不错不错不错不错不错不错不错不错,tangyouhong
2019-02-13,不错，换票方便，但春节期间人好多,288****732
2019-02-13,"临赣江而立，因王勃的《滕王阁序》而闻名，是“江南三大名楼”之一，也是南昌的地标。
可感受到古人“落霞与孤鹜齐飞，秋水共长天一色”的壮美。
景区主要由滕王阁主阁，和南北两面的小园子组成，登楼望远是我们来此的主要目的。
主阁从外面看是三层带回廊的建筑，其实它里面还有三个暗层，楼梯下来要入地下室，可能就是一楼了，因为滕王阁上去就是二楼以上了。",鱼儿游2007
2019-02-12,我个人感觉比黄鹤楼好看些！！！,只是当时已
2019-02-12,不错，来江西南昌一定要去看看。,福虎yan
2019-02-12,不错，来江西南昌一定要去看看。,福虎yan
2019-02-12,南昌旅游一定要到滕王阁 真的值得一看 景色美,L婷Ting
2019-02-11,非常方便，挺好的*******************************************************,e01****02
2019-02-11,非常方便，挺好的，非常方便，挺好的，非常方便，挺好的，非常方便，挺好的，非常方便，挺好的，非常方便，挺好的，非常方便，挺好的，,e01****02
2019-02-11,出票快，使用方便。服务到位，下次再订,102****679
2019-02-11,气势宏大，观看江对岸新城别有一番兹味,M27****1831
2019-02-11,还是值得去看一下的………………,_WeCh****17217
2019-02-11,滕王阁位于赣江边，虽然是新代重建的，但通过各种陈设展现了从唐代以来各个朝代的样式以及主要的典故场景，赏风景的同时增长知识。,贵贵友
2019-02-11,人文景点，去之前全家人把王勃的滕王阁序背了一遍，还有一点意思。单纯观光，半个小时就够了。网上买票，方便了不少。,Vivian
2019-02-11,还不错  虽然是后来修的  但是还是很漂亮的,迷路河马
2019-02-11,个人没什么文化，感觉没什么啊，,爱的真谛
2019-02-11,值得一去，文化内涵丰富，收获满满。,205****887
2019-02-11,值得一看，但是去前一定要做好功课哦，了解一下历史，了解的越多看得越有意思,M26****0763
2019-02-11,春节去的，人多热闹。有节日气氛,竹原市傅友德
2019-02-11,Just soso.慕名而来，还是因为ip比较响亮，实际上也一般，九几年重建的，内部结构规划不是很好，挺拥挤的，要是发生火灾，跑不出来几个。如果人不多，还是值得逛逛的,纽伦堡的汉堡
2019-02-11,方便，但是没有优惠，都是50元一个人！,ol****x
2019-02-10,入园直接刷身份证很方便，也很快捷。,_WeCh****940276
2019-02-10,提前一天预定。便宜五元。 孩子半票到售票处买。不需要学生证的。 方便,M32****693
2019-02-10,"很壮观,里面有好几层,要爬楼梯,每一层都有很多展览",wy51
2019-02-10,落霞与孤鹜齐飞，秋水共长天一色,M43****243
2019-02-10,滕王阁好玩，落霞与孤鹜齐飞，秋水共长天一色。,M43****243
2019-02-10,出票快，属于文化之旅必去景点。,202****881
2019-02-10,好好好好好好好好好好好好好好好好好好好好好,118****663
2019-02-10,主阁楼还是很壮观的，就是登上阁楼上面风景确实一般,_WeCh****780445
2019-02-09,滕王阁是我非常喜欢和想去的地方，晚上进去是不允许上楼的，这点没有料到，只好在下面感受下众多建筑的夜景，然后等待表演，开始是灯光秀和无人机表演，无人机非常震撼，没想到还可以这么玩，不到现场绝对无法感受。后面的表演是先在主楼，然后跟着去撞钟，然后是后面三个厅表演歌舞，这就是让人失望的地方，并不是舞蹈不好看，实际上我觉得很好看，但是离宣传的沉浸式表演还是有很大差距，但是和动辄两三百的其它大型相比，有这样的演出看，还是很值回票钱的。 另外反复播放的歌曲 《采薇》非常好听，现场很多人在手机上下载了。以后有机会再来看白天的滕王阁！,富贵景天
2019-02-09,名气大于实际的景点，到此一游而已。,秋天1980
2019-02-09,体验了什么是人从众，还好赶早，等我们游玩了一个小时后，出来都有点难！！！,M42****047
2019-02-09,网上购票方便多了，不愧为江南三大名楼，背城临江，丹柱碧瓦，画栋飞檐，斗拱层叠，门窗剔透。,M29****7581
2019-02-09,携程订票很方便，照常有取票机，身份证取票即可。找的导游100元，导游讲的有趣又详细，很超值。整个景区干净有序，不错。,默默青青草
2019-02-09,景区规模很大，有电子讲解，了解南昌历史，地标性景点，值得一游。,huangweimin2314
2019-02-09,春节人比较多，有的地方还在修。,行者龚师傅
2019-02-08,电子票非常方便，滕王阁的建筑非常漂亮！,雨人YJS
2019-02-08,非常值得游玩！了解历史文化，增长见识。,purplebubble
2019-02-08,春节期间，人还是比较多的，在赣江边上，雄伟壮观，楼上的装饰和摆设，到处透露着江西人的文化自信和骄傲,外出的老虎
2019-02-08,买票没提醒我南昌人可以半票，搞得浪费了一倍的钱，哎！,M30****2745
2019-02-08,建筑宏伟，邻靠赣江边，风景不错,m26****0548
2019-02-08,线上！线下的门票价格是一样的，没有优惠，景点环境不错。,257698
2019-02-07,"棒棒的，值得一去的景点。
停车也很方便的。",@_Axk_@
2019-02-07,"特别方便，不用排队购票直接凭身份证进门.,滕王阁气势宏伟，去时候就是风太大。",有时有小雨
2019-02-07,不愧江南四大名楼之首，壮观，好。,tiao****u33
2019-02-07,需要点文化知识才能感受更深，不然就是走马看花。,shinewit
2019-02-07,很好，虽然是后制，但很有文化感。,恰蒂斯加尔赵武灵王
2019-02-07,地方不错就是离江西博物馆太远，走过去小一公里。而且没有直道，需要绕路,shishuzi
2019-02-07,网上订票取票非常方便，该景区系我国四大名楼之一，值得一看,118****110
2019-02-06,还不错，不愧是江南三大名楼之一。,菠萝派呀
2019-02-06,挺好..............,_WeCh****215865
2019-02-06,百闻不如一见，落霞与孤鹜齐飞，秋水共长天一色,320****153
2019-02-06,值得一看涨知识。带着孩子一起去很不错，意犹未尽,暴力熊百奥阳
2019-02-05,如果好多次滕王阁了，因滕王阁序而闻名，落霞与孤与起飞，秋水共长天一色。游览的顺序就是一层一层就可以了，有楼梯和电梯。,懒人旅游
2019-02-05,很经典的景区，不用太多说，虽然是现代重建的，依然有着磅礴的气势，阁内有与南昌以及滕王阁历史的展览，其中有一个关于历代滕王阁重建历史的全息影像小短片，还是比较有意思的，其他的部分没有细逛，总的来说还是南昌之行必去的景点。,Davoryan
2019-02-05,到了南昌除了红色旅游，必打卡的当然是这里！四大名楼之一，虽然几次毁损四次修建，滕王阁已失去了古老的气息，尤其现在还加入了很多现代化多媒体手段，让你在阁楼上看一场仿古的影音演出，但是我最喜欢的还是顶着赣江的凉风看两岸的风光，一位老表说曾经亮两岸都没有高楼，而今已是高楼林立，南昌的发展太快了。,看溪人
2019-02-05,还不错哦~~~~~~~~~~~,KevinChan0903
2019-02-04,很好，令人难忘的历史文化游览。,_M13****0510
2019-02-04,登上滕王阁俯瞰赣江，景色很壮阔,288****756
2019-02-04,上学的时候没有去过，这次回学校看看，专门去了一次滕王阁，是一个值得去的地方,157****0236
2019-02-03,"滕王阁王阁临赣江而立,因王勃的《滕王阁序》有闻名,是江南三大名楼之一,也是南昌的地标。景区由滕王阁主楼和南、北二面的小园子组成。滕王阁共九层。五层是最好的观景楼层,也是精华部分,中厅墙上铜板雕刻《滕王阁序》是苏轼写的。晚上滕王阁在灯光照射下闪闪发光,非常壮观。",sangsang0408
2019-02-03,就一个楼没有太大意思。来都来了当个公园看看,205****900
2019-02-02,马马虎虎吧 可惜了 去的时候设备检修,猪会飞吗
2019-02-01,很不错！！！！！！壮观！！！！！,e11****34
2019-02-01,出票很快！满意！滕王阁虽是现代仿古建筑，但是梁思成的设计，气势恢宏，历史文化气息浓厚！值得一去！,M23****5079
2019-02-01,南昌著名景点，江南四大名楼，不错的地方，落霞与孤鹜齐飞，秋水共长天一色！,行走的田小爬
2019-01-31,基本都是新建的 缺少了一点年代感,二手老男人直卖
2019-01-30,人造景点，比黄鹤楼要强，科举考试博物馆不错，带孩子去增长见识，占地面积不小，停车场比较方便。来一次也行，多来一次没必要,M15****583
2019-01-30,中体来说好看，价格还可以。值得一看。,胜利之光
2019-01-30,值得游玩，历史悠久，环境优美。,denise122
2019-01-30,到南昌游行的朋友，滕王阁非常值得一去，请亲身体验一下吧。强烈推荐！,和谐人
2019-01-29,比较一般的景点，名过于实，不推荐,110****483
2019-01-29,比黄鹤楼还是差一点，登高望远景色宜人……,M26****5825
2019-01-28,"还不错吧，有机会到滕王阁来转转

",137****7777
2019-01-28,景色是江南三大名楼中最好的，也只有滕王阁有晚上演出（冬天部分时段无）。下午两三四点有简单的十分钟舞蹈表演，可以遥想古人舞姿，可以一观。,_WeCh****278635
2019-01-28,不错可以！！！！！！！！！！！！！！,M16****954
2019-01-28,人不多，25年前来过，为了怀旧，故地重游，值得来一次打卡游。,清流漫石
2019-01-27,"滕王阁，江南三大名楼之一，[1]位于江西省南昌市西北部沿江路赣江东岸，始建于唐永徽四年（公元653年），因唐太宗李世民之弟——滕王李元婴始建而得名，又因初唐诗人王勃诗句“落霞与孤鹜齐飞，秋水共长天一色”而流芳后世。[2]

唐贞观十三年（公元639年），唐高祖李渊第二十二子、唐太宗李世民之弟李元婴被封于山东滕州，为滕王。他于滕州筑一阁楼名曰“滕王阁”（已被毁）。唐显庆四年（公元659年），滕王李元婴调任江南洪州（今江西南昌）都督，因其思念故地滕州，修筑了著名的“滕王阁”。滕王阁因王勃的《滕王阁序》为后人熟知，成为永恒的经典。

滕王阁与湖北武汉黄鹤楼、湖南岳阳楼并称为“江南三大名楼”。历史上的滕王阁先后共重建达29次之多，屡毁屡建。

2018年10月29日，南昌滕王阁旅游区被文化和旅游部批准为国家AAAAA级旅游景区。[3]",vivienvivien
2019-01-27,建筑精美，不到滕王阁等于没有到南昌。,普罗维登西亚莱斯岛窦武
2019-01-27,历史文化底蕴非常深，值得一看，可惜去的时候天气太热,_ucwe****820112
2019-01-26,在江边，景区不只是一座楼，有一定的面积，是唐朝王爷的府邸，慢慢逛挺舒服的。,lj3****59
2019-01-26,很赞的一次购票游玩，很实惠很方便,linda_ren
2019-01-26,不是老楼，却也是洪城的地标。古景只可遥想，未来仍值展望。,203****127
2019-01-26,了解历史，著名景点一定要去的，网购还有优惠,M57****402
2019-01-26,网络买票方便实惠，不用等待，随时随地买，过期随时退，刷身份证就行，带个手机出门啥都有,M57****402
2019-01-26,如果能登顶就好了，人工雕琢有点多,gillian2533
2019-01-25,网上订票，到景点门口取票，很好很方便，滕王阁的景色很美，边看景色边读王勃的《滕王阁序》，是一种很好的享受！,dfyx
2019-01-25,滕王阁可远观，而不需要上楼去看了，不值这个价钱，亏了亏了,Rich_Mao
2019-01-23,很不错！回家途中有半天时间，就去了趟滕王阁。毕竟是江南三大名楼之一，历史感浓厚，建筑优美。有机会可以来玩玩！,Ethanmonash
2019-01-23,感受历史文化，滕王阁经历28次修建，太不容易了，临江而建宏伟至极。文人墨客，赞誉满天下，不虚此行，收获满满！,梅斯基希王僧辩
2019-01-23,在南昌很多年都没有去，这次带着家人去看看，当天有雾，看的不远，滕王阁内部还是不错的，有很多可以参观的。,M45****955
2019-01-23,很值得去！江南三大名楼之一耶！学生票25元，很便宜，滕王阁里面还有很多东西看的，像博物馆一样，一共六层楼，我因下午四点半才进去，所以只有一个半小时游玩，时间有点紧张，没有停下来过，滕王阁楼旁边还有其他亭子，也很精美，只是有些是新建的，总体来说很不错！,M37****180
2019-01-22,还不错，电子动画的介绍非常不错，值得推荐,M15****863
2019-01-21,很好，对面就是老三样，很多好吃的,M73****36
2019-01-18,滕王阁，中国古代建筑艺术独特风格和辉煌成就的杰出代表，象征着中国五千年积淀的文化、艺术和传统。滕王阁是南方唯一一座皇家建筑，位于江西省南昌市西北部沿江路赣江东岸，始建于唐朝永徽四年，因唐太宗李世民之弟——李元婴始建而得名，因初唐诗人王勃诗句“落霞与孤鹜齐飞，秋水共长天一色”而流芳后世。,ccpp
2019-01-18,还不错吧 挺好的 携程购票也很方便,M13****284
2019-01-17,非常不错，园区挺大的，感觉很好,郁闷边缘
2019-01-16,在线教育部门负责人参加的车多缓行、在一起了、这种天气真的太热太好太想自己太舒服所以还是不要客气地告诉自己不能太过认真地对待我也要这样生活品质和服务中心联合主办城市建设项目之一……这些东西也可以单独用一些物品在使用过程中可以看到许多问题了……不能够让我们看到这个,M28****8803
2019-01-16,滕王阁职责一玩非常不错要比岳阳楼好多了,bergkamp
2019-01-16,很方便，也很顺利，总之还不错吧,_M13****9040
2019-01-15,建筑比较新但是胜在精美。两个多小时就可以看完。,gotaitai
2019-01-15,滕王阁很恢宏，但是景区还有很多空置的景点还是怎么样，但是总体很棒,羽毛王国
2019-01-14,很小，爬个楼看一下赣江就完了。,m31****73
2019-01-14,和重建的黄鹤楼一类景点一样，商业化太厉害了。,儒雅老头
2019-01-13,值得一游，文化和历史，过去和现在，相遇于此。,杰客
2019-01-13,景点一般，孩子看不懂，都在玩雪了，开心就好✌️,小白
2019-01-11,下单后 几秒钟就收到短信了，然后扫码进入了，蛮好的，方便,梦中的桃花坞
2019-01-11,非常喜歡這個表演，就是時間比預期的早結束，下雨天比較可惜不好拍照,Minghua0624
2019-01-10,不去滕王阁总是会有遗憾的，虽然是建国后重建的，但好歹出自大师之手，感觉还是不错，尤其是里面的4d动画，讲诉多次兴亡历史，让人蹉跎，一部微缩建筑史,_zx622****190022
2019-01-09,还是值得一玩，风景也很棒。交通也方便。,M23****207
2019-01-09,来玩的人并不多 所以很清净 感受很好,M25****8510
2019-01-07,挺不错的地方吧  只不过里面的东西都是现代仿的  不是很喜欢,傻萨摩笑来了大姨父
2019-01-07,景点不错就是门票稍贵，其他没了,plus600
2019-01-07,景点不错就是门票稍贵，其他没了,plus600
2019-01-07,景点不错就是门票稍贵，其他没了,plus600
2019-01-07,里面主要是介绍历史和字画，瓷器，半个小时就可以逛完了。,320****388
2019-01-06,很一般。。。。。。。。。。。。,186****9141
2019-01-06,第二次来，上次是自己，这次是带朋友，江西的天仿佛永远是雾蒙蒙的，楼还是挺大气,工藤猫熊
2019-01-06,"我只能写篇文章来表达自己的内心感受了
滕王阁序
豫章故郡，洪都新府。星分翼轸，地接衡庐。襟三江而带五湖，控蛮荆而引瓯越。物华天宝，龙光射牛斗之墟；人杰地灵，徐孺下陈蕃之榻。雄州雾列，俊采星驰。台隍枕夷夏之交，宾主尽东南之美。都督阎公之雅望，棨戟遥临；宇文新州之懿范，襜帷暂驻。十旬休假，胜友如云；千里逢迎，高朋满座。腾蛟起凤，孟学士之词宗；紫电青霜，王将军之武库。家君作宰，路出名区；童子何知，躬逢胜饯。时维九月，序属三秋。潦水尽而寒潭清，烟光凝而暮山紫。俨骖騑于上路，访风景于崇阿；临帝子之长洲，得天人之旧馆。层峦耸翠，上出重霄；飞阁流丹，下临无地。鹤汀凫渚，穷岛屿之萦回；桂殿兰宫，即冈峦之体势。披绣闼，俯雕甍，山原旷其盈视，川泽纡其骇瞩。闾阎扑地，钟鸣鼎食之家；舸舰弥津，青雀黄龙之舳。云销雨霁，彩彻区明。落霞与孤鹜齐飞，秋水共长天一色。渔舟唱晚，响穷彭蠡之滨；雁阵惊寒，声断衡阳之浦。遥襟甫畅，逸兴遄飞。爽籁发而清风生，纤歌凝而白云遏。睢园绿竹，气凌彭泽之樽；邺水朱华，光照临川之笔。四美具，二难并。穷睇眄于中天，极娱游于暇日。天高地迥，觉宇宙之无穷；兴尽悲来，识盈虚之有数。望长安于日下，目吴会于云间。地势极而南溟深，天柱高而北辰远。关山难越，谁悲失路之人？萍水相逢，尽是他乡之客。怀帝阍而不见，奉宣室以何年？嗟乎！时运不齐，命途多舛。冯唐易老，李广难封。屈贾谊于长沙，非无圣主；窜梁鸿于海曲，岂乏明时？所赖君子见机，达人知命。老当益壮，宁移白首之心？穷且益坚，不坠青云之志。酌贪泉而觉爽，处涸辙以犹欢。北海虽赊，扶摇可接；东隅已逝，桑榆非晚。孟尝高洁，空余报国之情；阮籍猖狂，岂效穷途之哭！勃，三尺微命，一介书生。无路请缨，等终军之弱冠；有怀投笔，慕宗悫之长风。舍簪笏于百龄，奉晨昏于万里。非谢家之宝树，接孟氏之芳邻。他日趋庭，叨陪鲤对；今兹捧袂，喜托龙门。杨意不逢，抚凌云而自惜；钟期既遇，奏流水以何惭？呜乎！胜地不常，盛筵难再；兰亭已矣，梓泽丘墟。临别赠言，幸承恩于伟饯；登高作赋，是所望于群公。敢竭鄙怀，恭疏短引；一言均赋，四韵俱成。请洒潘江，各倾陆海云尔：滕王高阁临江渚，佩玉鸣鸾罢歌舞。画栋朝飞南浦云，珠帘暮卷西山雨。闲云潭影日悠悠，物换星移几度秋。阁中帝子今何在？槛外长江空自流。",_CFT0****2444
2019-01-06,去南昌必游项目，晚上的南昌怎一个美字了得,M24****1639
2019-01-06,大雪纷飞  更显得这座名楼 独特的美  ！,M29****4587
2019-01-06,历史名楼  很具有文化底蕴 赏心悦目！,M29****4587
2019-01-06,好玩的好玩好玩好玩好好玩好好玩,M57****014
2019-01-06,去了解历史文化！还值得一去的！,M27****5847
2019-01-05,出差来的，先去了博物馆，博物馆免费。来次南昌不看次滕王阁人生总会有些遗憾。,_CFT01****0875547
2019-01-05,天下名楼滕王阁》天下名楼赣水滨，滕王阁序五湖吟。落霞孤鹜王勃撰，秋水长天苏轼誊。帝子楼阁炫天下，滕王宴乐传古今。南昌起义军旗竖，星火燎原四海明。(七律),xg古言新语
2019-01-05,路过的话值得一去，看看滕王阁！,M22****7875
2019-01-04,不错，当时没有黄鹤楼好，然后呢？滕王阁的人不是很多。只是很大可看的东西不多，有待改进。,M19****103
2019-01-04,如果要看所谓的古迹什么的，就不要抱太大希望。有些展览什么的，关于滕王阁的历史等，还行。现场一百的门票就太不值了觉得。,M42****515
2019-01-04,人山人海，只是感受一下氛围，烟雨天感受不到落霞与孤鹜齐飞。,蓝雨眼睛
2019-01-04,很好很好，，，，，，，，，，，,希特霍伦道光
2019-01-03,可以的很好玩的地方、不负此行。,Flare丨涛
2019-01-03,来到南昌 值得去看看 下雪天气 很美丽,luojinxia
2019-01-02,"中国的名楼说是因风光如画出名，不如说是文人骚客的名篇和名楼相映成辉。
     黄鹤楼:黄鹤一去不复返，白云千载空悠悠。
     鹳雀楼:欲穷千里目，更上一层楼。
     岳阳楼:先天下之乐而乐后天，下之忧而忧。
     滕王阁:孤鹜与落霞齐飞,秋水共长天一色.
     今天的滕王阁楼高六层。应该说阁为两层,楼为三层，现在已经超出了阁的标准。是一个面积很大的景区。展品也很多。在最高一层有赣戏表演。早上10点半和下午15点，一各有一场。
      对古代文化感兴趣，可以来此一游.",冰之炙点
2019-01-02,下雪的滕王阁 景色还不错 照片拍不出来它的美 来到南昌还是可以去看看的 ,luojinxia
2019-01-02,打卡景点，有点故事，但没什么好玩的。,清远大黄蜂
2019-01-01,大气磅礴非常值得一游！就是天气有点冷。,320****031
2019-01-01,不错，现在人少，可以慢慢看看。,D17****420
2019-01-01,不错，挺好的，干净，整洁，大气,M25****0828
2019-01-01,人太多。佷气势，很辉煌！！！！！,M13****463
2018-12-31,非常方便快捷，直接刷身份证即可入园，无需取票,牛脖子mac
2018-12-28,景区整体规划很有气魄，符合四大名楼的风范，而且园区似有江南园林的风骨，但又不失赣江民风的坚韧,M33****897
2018-12-25,不愧是四大名楼之首，虽是八几年重建的，但是还是很震撼的，尤其如果下午去的话还会在闭馆前看到滕王阁的夜景，灯光掩映下也是很美的,邪恶的琼琼
2018-12-24,虽然是复建的景区，但是还是依稀能感受到当年的神韵。滕王指点江山，王维挥毫作赋，学到很多历史知识。作为5A景区，收费很良心了，总之如果来南昌，还是不可错过。,M10****537
2018-12-23,早上早点去人比较少 还不错  ,Eddy Z
2018-12-23,不错，江西第一阁楼，赏江观舞的好戏台。,M11****190
2018-12-23,方便快捷有优惠，凭购票码直接上车，,智慧之泉
2018-12-20,南昌地标，不错，来南昌是一定要去的,M22****0880
2018-12-18,气势宏伟，彰显古建筑风范。不过人文景点还是需要讲解才能了解的更多。,Mick
2018-12-17,可惜天气不好，看不清对岸，但滕王阁还是很值得上去，展览和维护都很好,靓靓熊
2018-12-16,滕王阁，江南三大名楼！南昌的名片，属于来一次就够了的景点，完全是现代重新修建的混凝土结构，和黄鹤楼如出一辙，而且现在已经感受不到王勃的滕王阁序中，“落霞与孤鹜齐飞，秋水共长天一色”的景色了。,wann5200
2018-12-16,记得1997年去滕王阁，就是懒得上去，和同事说，如果有电梯多好，果真有电梯。20年后再次光顾滕王阁，电梯已经不允许游客随便乘了，是给老人和残疾人乘的，只好走上去了。著名的滕王阁与湖北武汉黄鹤楼、湖南岳阳楼并称为“江南三大名楼”。历史上的滕王阁先后共重建达29次之多，屡毁屡建。不登滕王阁，等于没有来南昌。,231****290
2018-12-15,总体说，还是很不错的人就喜欢这个景区,_M18****1742
2018-12-14,价格比较高，应该降低，服务大群,焦特普尔光绪
2018-12-12,江南四大名楼，登上去风景真的是好，背诵滕王阁序还免门票,dia****2151
2018-12-11,建筑气势恢宏，历史重建多次，历史人文气息浓重，很多达官贵人，文人墨客在此留下足迹，千古名楼,华_888
2018-12-10,晚上灯光渲染下更漂亮，总共6层，5.6层有全息投影，5层关于滕王阁历史介绍看了，很棒，6层因为演出时间错过了没看见，总体来说还算值的，电梯使用不方便,歪歪-DW
2018-12-09,还不错，在南昌市中心，交通很方便。,威海遇见
2018-12-09,二十九次重新修建的高级建筑，美轮美奂,zgh****628
2018-12-08,70元的门票，看得是现代翻修的楼阁，就那么回事吧,Charles667799
2018-12-07,随到随买，可能刷身份证，也可以打印门票入园。,seashanghai
2018-12-07,"滕家六层小楼,上周才盖的电梯房",_zx404****130702
2018-12-07,啊不错  很方便   无需换票   直接刷码   ,l****af
2018-12-06,虽然下着小雨，不影响登楼观景，喜欢,付滨滨
2018-12-05,还可以，门票有点贵，还可以，门票有点贵，还可以，门票有点贵，还可以，门票有点贵，还可以，门票有点贵，,M60****910
2018-12-04,没啥感觉，全商业化了，全是老年团,_WeCh****75698
2018-12-04,蛮有名的景区。价格不贵但是停车场收费有点贵！,Carson-卡森
2018-12-03,挺好的，南昌必打卡景点，维护不错。,202****770
2018-12-02,好的，不错。参观一下。。。。。。。,卡尔斯巴德吴王僚
2018-12-02,南昌晚间一景，活动的灯光秀，就是夜游船只的整体服务水准一般，举个例子:区分了vip与非vip票，但同是vip座，没有对号入座的秩序，不少乘客都很有些意见,e09****13
2018-12-02,南昌的头号景点，来南昌旅游基本都会来这里，虽没有黄鹤楼成体系的园林丰茂和到同样的壮观，共九层，整体比黄鹤楼略小，现已是第29次重建了，参照了梁思成的绘图和营造法式，是古今结合的最辉宏的建筑。,佛爷驾到
2018-12-01,作为南昌最有名气的景点，还是值得来玩一次的，楼高7蹭，除最高层无法爬上去之外，其余六层均各有千秋，可以了解与滕王阁的有关的重大事件，以及滕王阁的兴衰史，登阁可以望江赏景。六楼9:30，10:30，15:00，16:00有3D投影的唐朝舞蹈，还是值得观赏的。,雪0106
2018-11-30,节目内容丰富多彩，值得期待，分享。,杨帆启航2012
2018-11-30,远看比较震撼，近观就比较一般了,喵喵仔Oo
2018-11-29,南昌必去景点，懂历史去就更好了，建的挺漂亮，值得一去。,牧人丶C
2018-11-29,虽然是现代重建的，但还是有故事可以听听的。用微信搜索个滕王阁的公众号，就可以听到相关简介了。每个整点还有表演。挺不错的，慢慢逛，大约需要3小时吧,linne0
2018-11-28,景色优美，阁楼雄伟，人文环境俱佳,M15****359
2018-11-28,第29次翻建版，缺少历史韵味。地理位置好就在赣江边上，天气好的时候景色应该还可以。,_spb40****6242716
2018-11-25,期待了很久的地方，落霞与孤鹜齐飞，秋水共长天一色。体验文化和历史的窗口。带着孩子来玩，早早沐浴下厚重深远的文明传承，也重温下文章中的意境。,Kalai7
2018-11-25,挪了好几次，有失历史感。马马虎虎吧,Richlujun
2018-11-25,江南三大名楼：南昌的滕王阁、武汉的黄鹤楼、湖南岳阳的岳阳楼。都是值得去看看的,_M13****6212
2018-11-24,滕王阁是中国三大名楼之一，有名的原因是《滕王阁序》，这座楼历经了很多的灾难，毁掉又重建，是当时的皇帝的弟弟的住所，很气派，而且周围也有很多相关的古诗词，喜欢古诗的朋友一定要来这里,Chloe09
2018-11-24,不错的景点，有人文笔急，值得一看！,133****3070
2018-11-24,网上预订便宜过到现场购票，我们住在滕王阁附近，网上附近没什么人，第二天一早就去，没啥人，还看到了日月同辉的景象，喜欢古诗文的驴友可以去看看,Chloe09
2018-11-24,文化之旅，比较适合带孩子一起去看，熏陶孩子的文学素养！,186****0067
2018-11-23,南昌游首选地！值得一看。环境不错，就是周边配套不太好。,M24****448
2018-11-22,"滕王阁，南昌城名气最响的古建筑，就建在赣江边上，从外面一路行近，远远望去这幢古楼阁果然是气派得很啊由于临近闭园，游客散去，又因冬季天黑的早，灯光早早地全部打开，更是觉得流光溢彩，仿似马上就要有贵客到来，整座楼开始要开门迎客了……
想想滕王阁作为江南三大名楼之一，之所以能流芳百世，无疑都是诗人王勃的功劳，想想那时候高中语文，背默这篇古文的痛苦经历，在看看现在，我就插着手站在滕王阁前，倚着围栏远眺赣江，突然之间就释怀了，甚至还在默默背诵我现在还能依稀记得的诗句：雄州雾列，俊采星驰。台隍枕夷夏之交，宾主尽东南之美。都督阎公之雅望，棨戟遥临。……嗟乎！时运不齐，命途多舛。冯唐易老，李广难封。",zipfire
2018-11-22,门票50元 65岁以上老人免费 地铁站滕王阁2号出口 跟着路牌提示走 路过图书馆 因为修路 跟着提示 走了一段临时路 登高望远 可惜天公不作美 有雾霾 但江景美,老人家
2018-11-22,演出挺好的，但是票价有些贵的。,M39****029
2018-11-22,"天气很好！赣江边很美！
如果想要沿江走过去，路线不是很好找～入口现在是在榕门路了！
最好是正门进南门出 ，南门风景太好了。人又少适合各种拍！",完熟林檎
2018-11-18,到南昌必去景点，很有文化底蕴！,m25****09
2018-11-18,去南昌，滕王阁必须去。在携程上买了票，赶过去晚了，扫描了身份证，但保安不让进，打了电话，才进入景区。但天色已晚，加上服务生不断催促，十分钟完成游览，体验感受不是特别好。,zwx1965
2018-11-18,江南三大名楼之一，以昔年王勃滕王阁序名传天下，此楼临江而建，推测当年的用途可能是江防的瞭望楼。与其他两大名楼不同在于，它建于高台上，不仅增加了稳定性，而且更显高大和气势恢宏。今天的滕王阁完全是重建的，年代并不久远。楼内有电梯，但基本不开放，各层陈列乏善可陈。主要是一些图片。各层均有环绕观景台，可远观大江。但终究是现代建筑，已经没有观落霞云归的悠然。,天羽博士
2018-11-17,很方便，也有一点优惠，以后还用携程订票。,aw****sh
2018-11-17,好多东西都都是现代的，看一下历史吧,爱情香蕉
2018-11-17,虽然是现代建筑，风景还是挺不错的！,M11****256
2018-11-16,历史上赫赫有名的滕王阁，位于南昌赣江之滨，充满古典情怀的建筑，登滕王阁，体验滕王阁序描写的意境，感受古人的建筑智慧，很不错的体验！,轻快的行走脚步
2018-11-16,不错 比在现场买便宜 换票很方便,PA-5798
2018-11-15,下雨天去的，人还是蛮多的，可能阁楼都差不多吧,狼宝宝
2018-11-15,还行吧，就是门票有点贵，看演出的地方竟然连张凳子都没有,_M13****4261
2018-11-15,很震撼，值得一游，玩得很尽兴，好的很！,_WeCh****448975
2018-11-15,"天气不好，雾蒙蒙，感觉一般，到此一游，1989后建的,少了历史的痕迹",135****6331
2018-11-14,到滕王阁，要按着图1和图2的时间可以看演出，我这次来没看到。分享给其他朋友看吧。,_WeCh****887638
2018-11-12,十一长假过去的，人超多，排队进去。里面热汗味重还是建议错峰去比较好，外面的河水正是枯水期，河沿都裸露在外，另外南门出口处在施工，通行不便，建议走别的门。里面印象最深的是里面罗列着各大文豪的名字和雕刻的有唐朝王勃所做的“落霞与孤鹜齐飞，秋水共长天一色”的木质牌匾。,M24****0204
2018-11-12,滕王阁很美 附近的切糕千万不要买 一刀一套房,M53****843
2018-11-11,"年末给自己的最后一场旅行，想要一场放松的，不动脑的；想要一场不一样的，挑战自我的；想要一场私密的，自在的旅行。
衡量再三，我们踏上了去 南昌的藤王阁的旅途。",唐寅雅虎
2018-11-11,都是现代的，一般，没什么意思啊,_WeCh****07708
2018-11-10,值得一去，就是6点亮灯，主阁要清场。,听旧约
2018-11-10,直接刷身份证入园，蛮方便的。滕王阁气势恢虹，王维一篇杰作，把它推为江南三大名楼之一。里面关于江西的内容不少，使我有新的认识，宣传的效果好。,M11****460
2018-11-09,带孩子一起去的，当晚还下了点雨，值得一去。还可以 。,M21****090
2018-11-09,滕王阁值得去游玩的地方，广场很大，景色优美。滕王阁，江南三大名楼之一[1]，位于江西省南昌市西北部沿江路赣江东岸，始建于唐永徽四年（公元653年），因唐太宗李世民之弟——滕王李元婴始建而得名，又因初唐诗人王勃诗句“落霞与孤鹜齐飞，秋水共长天一色”而流芳后世。,PortiaJX
2018-11-08,来南昌必得来打卡的一个地方，到达塔顶有电梯，方便老人游玩！,天上一粒星
2018-11-07,登高远望还是很好的，就是建筑都已经是现代化的，没有忆古的感觉。居然还有电梯，确实让人失望。,M27****4941
2018-11-06,江南三大明楼之一，之前去过黄鹤楼，再来到这个感觉有些小，不过还是很好找的，人不多，有雾霾，来南昌一次不来滕王阁感觉有些可惜。高中学的滕王阁序真的影响深远啊！！！,左边
2018-11-05,晚上就只能看表演，滕王阁里面不让进，演出吧，感觉不值这个票价，就几个人跳了3场舞，看介绍的时候还以为开场演出滕王会出现，结果就灯光秀了一下，看点啥也不知道。很失望！介绍上的照片之类感觉像是大型演出，结果就小表演。之前也看过杭州宋城的演出，虽然票价要贵好多，但光演出就感觉值回票价了！,M22****1199
2018-11-05,刷身份证进入景区大门，很方便，登楼时还要刷一次身份证,136****9057
2018-11-05,以前就是一个楼，现在修了很多建筑，院子很大，应该内容丰富多了，楼里还有电梯呢。,不高兴xc
2018-11-04,预定方便快捷 使用方便 挺好用的,地神
2018-11-04,浏览了了名胜古迹，感受王勃书写《滕王阁序》的历史进程，并浏览了滕王阁从唐朝到清朝的变革。好评,flbqg
2018-11-03,一次愉快的玩耍，继续努力加油加油加油。,登米市阿波罗
2018-11-03,价格不错，1-2小时游玩时间。,M24****1486
2018-11-03,看现代工艺造宋代的房子，而且里面还有电梯哦，呵呵，其实就是一个小小的历史博物馆，讲述的是滕王阁和滕王阁序的故事，如同厦门的鼓浪屿一般，不去不行，去了也没有多少意思，不过才45块钱的门票还是很便宜哦，呵呵，所以他边上还有一个游船88元，夜游赣江，如果没有玩过的人还是可以去玩玩哦,138****8661
2018-11-03,不错不错不错不错不错不错不错！,E01****30
2018-11-03,豫章故郡，洪都新府。星分翼轸，地接衡庐。襟三江而带五湖，控蛮荆而引瓯越。物华天宝，龙光射牛斗之墟；人杰地灵，徐孺下陈蕃之榻。雄州雾列，俊采星驰。台隍枕夷夏之交，宾主尽东南之美。都督阎公之雅望，棨戟遥临；宇文新州之懿范，襜帷暂驻。十旬休假，胜友如云；千里逢迎，高朋满座。腾蛟起凤，孟学士之词宗；紫电青霜，王将军之武库。家君作宰，路出名区；童子何知，躬逢胜饯。时维九月，序属三秋。潦水尽而寒潭清，烟光凝而暮山紫。俨骖騑于上路，访风景于崇阿；临帝子之长洲，得天人之旧馆。层峦耸翠，上出重霄；飞阁流丹，下临无地。鹤汀凫渚，穷岛屿之萦回；桂殿兰宫，即冈峦之体势。披绣闼，俯雕甍，山原旷其盈视，川泽纡其骇瞩。闾阎扑地，钟鸣鼎食之家；舸舰弥津，青雀黄龙之舳。云销雨霁，彩彻区明。落霞与孤鹜齐飞，秋水共长天一色。渔舟唱晚，响穷彭蠡之滨；雁阵惊寒，声断衡阳之浦。遥襟甫畅，逸兴遄飞。爽籁发而清风生，纤歌凝而白云遏。睢园绿竹，气凌彭泽之樽；邺水朱华，光照临川之笔。四美具，二难并。穷睇眄于中天，极娱游于暇日。天高地迥，觉宇宙之无穷；兴尽悲来，识盈虚之有数。望长安于日下，目吴会于云间。地势极而南溟深，天柱高而北辰远。关山难越，谁悲失路之人？萍水相逢，尽是他乡之客。怀帝阍而不见，奉宣室以何年？嗟乎！时运不齐，命途多舛。冯唐易老，李广难封。屈贾谊于长沙，非无圣主；窜梁鸿于海曲，岂乏明时？所赖君子见机，达人知命。老当益壮，宁移白首之心？穷且益坚，不坠青云之志。酌贪泉而觉爽，处涸辙以犹欢。北海虽赊，扶摇可接；东隅已逝，桑榆非晚。孟尝高洁，空余报国之情；阮籍猖狂，岂效穷途之哭！勃，三尺微命，一介书生。无路请缨，等终军之弱冠；有怀投笔，慕宗悫之长风。舍簪笏于百龄，奉晨昏于万里。非谢家之宝树，接孟氏之芳邻。他日趋庭，叨陪鲤对；今兹捧袂，喜托龙门。杨意不逢，抚凌云而自惜；钟期既遇，奏流水以何惭？呜乎！胜地不常，盛筵难再；兰亭已矣，梓泽丘墟。临别赠言，幸承恩于伟饯；登高作赋，是所望于群公。敢竭鄙怀，恭疏短引；一言均赋，四韵俱成。请洒潘江，各倾陆海云尔：滕王高阁临江渚，佩玉鸣鸾罢歌舞。画栋朝飞南浦云，珠帘暮卷西山雨。闲云潭影日悠悠，物换星移几度秋。阁中帝子今何在？槛外长江空自流。,东林俊秀
2018-11-03,到南昌怎么能不到滕王阁，江南四大名楼之一。不过到了之后觉得也不过如此。登楼可以看到赣江两岸景色，全然没有秋水共长天一色的意境了。,工匠
2018-11-03,夜晚场得滕王阁值得一去，灯光秀很棒，无人机表演，还有演出都挺不错得！,M29****4128
2018-11-02,最好是找个导游讲解比自己看要好很多，了解很多历史人物和事情，不错，来南昌玩必须去的景点,M85****24
2018-11-01,说实话不值票价，没什么好玩，层层登高，走马观花，内部没有任何工作人员讲解，登山最高层远望完全感受不到当年王勃的那句秋水共长天一色之情境。,秋日丝雨78
2018-11-01,"非常美丽
第一次去
非常值得
历史文化悠久
唯一不足之处就是售票员的态度差！
刚开始我们是在携程上买的，到地方后售票员告知携程上买的不能用让我们退掉携程现场买，感觉太不好了",归零
2018-10-31,好地方，人文景观，内涵丰富，值得一去的地方。只是走错了一个入口，真所谓进的去出不来那种，无奈在狭窄的古玩市场里蛇形倒车出来。拍了不少，不废话看图。,携手深蓝
2018-10-30,挺好的  还不错  值得一去  加油,丿安然灬小汐
2018-10-30,滕王高阁临江渚，物转星移几度秋。游玩南昌，滕王阁是必须要去的，当年唐高祖李渊之子李元婴在赣江之滨建造的楼阁，因为王勃的一篇《滕王阁赋》而闻名天下。游玩腾王阁，从景区东门入内，步行不远，至滕王阁广场，滕王阁贮立在前，历史上的滕王阁数十次被毁，眼前的这座是根据宋代《滕王阁图》所设计，已有近三十年历史，拾阶而上，入内，登阁楼可步行或乘电梯，阁内分层有不同的展厅，介绍赣鄱文化及滕王阁的历史文化，层层而上，站在阁楼高处，俯望赣江，风光有限。滕王阁的两侧，修建有仿古的园林建筑，坐在闲云亭中，打开景区导游的小册子，发现景区的全景布局竟然酷似一把手枪。滕王阁，书卷气，英雄地。,xiyoulinfeng
2018-10-29,登高望远，慢慢体会，总体不错，主要今天天气很赞，哈哈哈,昵称叫什么名字
2018-10-28,很好很方便，直接刷手机入门，天下第一楼，里面的布置，感觉是过去滕王寻欢作乐的地方,320****123
2018-10-28,中国有四大名楼，滕王阁建筑之美居首位！雕梁画栋，俯依赣江，远有摩天轮，近有双子楼。人杰地灵，物华天宝。倚楼观江水，俯瞰车马龙。追忆腾王序，盛赞故郎情！,有梦走天涯
2018-10-28,还可以，看起来演艺人员很辛苦。,M24****1720
2018-10-28,滕王阁是1986年梁思成主导设计修复重建，但没以前的规模了，特别是周边全建了房，已压缩不成样子,M29****6259
2018-10-28,环境不错..人很多..去南昌的必走的景点…,时间会咬REN
2018-10-28,落霞与孤鹜齐飞，秋水共长天一色。就是这里。,彭废废VIP
2018-10-27,滕王阁经过历代重修，风采依旧，内部的展览展示的历代滕王阁的风采，梁思成等大家对滕王阁的保护，3D显示了滕王阁绝妙的榫卯，古人的绝技。王勃的滕王阁序比较有名，殊不知，还有一个滕王阁赋，归来一阅，感触颇深。滚滚长江水，巍峨的滕王阁，诗人有如此名篇。今日，江面窄了，基本看不到往来的船了，王勃在世，写出什么诗篇？！,M19****321
2018-10-26,不错，价格优惠，直接刷身份证进入,cg****gh
2018-10-25,真的是南昌的地标性建筑，很有故事，只可惜是雨天☔️，周围匆匆参观，如果能把附近的赣江风景统一整合，形成楼江相映的景色，一定加分。,M29****3852
2018-10-23,不是在节假日去的所以人不是很多，很好的一个地方，其实是公园，因了名人名诗而出名，可以一看,203****055
2018-10-22,订票便捷，取票也方便，很好的体验。,ydfq
2018-10-22,四大明楼之一，气势磅礴，彰显昌盛之地。在楼顶观澜南昌城一江两岸 美！,136****9705
2018-10-21,很满意这一次旅行体验，都不用取票，直接刷二维码就可以进去！！！,M23****066
2018-10-21,文化底蕴很好，收费不高，来江西，南昌，最值得游玩的一个景点,M45****976
2018-10-21,滕王阁就在南昌市，虽然不算是城市中心，但是坐车去也比较方便。门票50，里面有蜡像，还可以游船，整体感觉很不错的哦，值得推荐,hua****4483
2018-10-20,价格优惠，只要刷身份证就可以进，非常方便。腾王阁是南昌最著名的景点，也是江南三大名楼，值得一看。,sangsang0408
2018-10-20,比较一般 没有说的那么好。但也有一些动画,荷月带锄归
2018-10-20,一般般………………………………,围城399
2018-10-20,游玩南昌滕王阁，提前一天网购的门票，次日从景区东门刷证入园，站在滕王阁广场上，仰望滕王阁，此楼还是有些气势的，登上阁楼，俯望赣江，风光有限。滕王阁两侧，有仿古的园林建筑，看介绍，这座滕王阁历史上被毁多次，现在的这座滕王阁于1989年的10月第29次重建落成。,xiyoulinfeng
2018-10-19,购票方便，居高临下景色漂亮，时来风送滕王阁。,scxclzyzb
2018-10-18,预定门票进园快捷，滕王阁不愧是大师设计，古典雄壮，内部各层展厅内容丰富，布局典雅，非常不错的景区,M16****468
2018-10-18,挺好的，爬爬楼，看看景，了解了解历史,M18****282
2018-10-17,滕王阁是南昌的标志性建筑，也是南昌的必游地，虽然是新建筑，但依然带有历史的厚重感，登阁远望，两岸风景尽收眼底。只是周围的环境有点差强人意，江边一侧很乱，和整体不搭。,E28****22
2018-10-17,很棒，看起来很不错的地方，喜欢的,xu****369
2018-10-16,这个就是大名鼎鼎的滕王阁。在这里有王勃写的流传千古的一个知名的诗句散文：滕王阁序。从此，这个地方是扬名天下。这个阁里面的面积还是蛮大的。建筑保存的也是非常的完好。请大家来南昌，一定要去这里看看。,whoisangel
2018-10-16,俯瞰江景，景色宜人，人文底蕴浓厚，历史积淀深厚，值得一看，能学到很多东西。,快乐一生
2018-10-15,"滕王阁始建于唐朝，后因王勃《滕王阁序》里：“落霞与孤鹜起飞，秋水共长天一色。”流芳后世。
滕王阁经过多次的修筑，我们今天看到的已经是第29次修建而成的。
景区里面不大，两个小时都可以游览完毕，此时赣江并不是汛期，看着一片滩涂淤地，也不知王勃的秋水共长天一色是在什么时候。",Yannis_Yip
2018-10-15,景区入口有行李寄存的指纹识别箱，里面的水和小食比较贵，景区内只有广场的左右两侧有洗手间，中途逛阁楼时想去洗手间可以和检票员说一下，这样没逛完还可以再进来。滕王阁顶楼观江景非常开阔，时间富裕的建议按景区地图游览感兴趣的景点！打雷下雨的天气去别有一番风味~,_CFT01****9973696
2018-10-15,南昌最著名的景点，还原了滕王阁序的情景，顶楼也有投影反应滕王阁历次重建的模型，里面有很多古代文物，包括编钟，兵器，琴等等，对历史感兴趣的游客去看一看，可以学到不少知识,E42****25
2018-10-14,就在赣江边上，登楼后可在回廊上凭栏远望，视野很好。院内回廊墙上有相关篆刻、诗词，滕王阁底层有圣旨展览、牌匾展览等，还有一些瓷器艺术店。里面是暗七明三层结构，分别有雕塑、艺术画、等展品，6层时可看裸眼3D的霓裳羽衣舞等3个舞蹈演出。滕王阁北侧有戏园，定点有真人演出，还有沙画体验馆等。全价票50，网络提前一天购票45。,山曲闻樵
2018-10-13,不用取票凭身份证直接进入，学生票现场扫二维码买也方便！,龙瑜心
2018-10-13,玩的很舒心，大家都说祖国昌盛南昌美,Maxj1234
2018-10-13,作为江南名楼还是值得一去的，特别是从高处可以看到整一个的景色很美,菜N次方
2018-10-13,赞，值得去，虽然楼已经不再是过去的楼，但是现代重建后还是很有看头。,想飞的泡泡
2018-10-13,国庆人比较多，但历史文化气氛较浓,M25****2977
2018-10-12,不多说了，看图吧。真心挺难不错的。,MarcoWang1987
2018-10-12,这里是南昌地标式建筑，江南三大明楼之一，必游之地！,大明5188
2018-10-12,南昌滕王阁，和长沙岳阳楼，武汉黄鹤楼和称为江南三大名楼，位于江西省南昌市西北部沿江路赣江东岸，始建于唐永徽四年（公元653年），因唐太宗李世民之弟——滕王李元婴始建而得名，又因初唐诗人王勃诗句“落霞与孤鹜齐飞，秋水共长天一色”而流芳后世。站在滕王阁楼下可以听到赣江潺潺流水，上楼北往可以欣赏到现在南昌经济开发区的现代气象，夜晚可以隔江欣赏秋水广场美丽的音乐喷泉。此景区需要请专业导游进行讲解，顶楼定时有3D歌舞映像表演。,冉那库拉大司马
2018-10-11,“落霞与孤鹜齐飞，秋水共长天一色”！滕王阁的最高层，望出去景色，如今大抵如此。不过即使不考虑赣江水道的变化，滕王阁历代修复中也在不断位移，目前这座是1989年重建，已是第二十九次，主要参考宋代造型，距清代阁约300米，距唐代原阁仅100米,不素之客
2018-10-11,风景特别好，和女朋友一起去的，正好看了夕阳和落日，特别美,爱吃饭的孩子
2018-10-11,预定方便，夜景也不错。粗略逛一圈大约两小时，细致的参观预留多一点时间。,肥肥安大王
2018-10-10,景点非常不错，登楼远眺美景尽收眼底。,D12****36
2018-10-10,日落时候很美，其他一般，外观漂亮，内饰一般,srain2010
2018-10-10,第二次登上滕王阁，十分舒适，可惜没有赶上顶楼的歌舞表演。,预约幸福
2018-10-10,景色很不错，适合慢慢转着玩！推荐！,爱0554
2018-10-10,景区较小，票价不贵，重新修的楼，挺漂亮的，设施和服务都很好。里面有电梯，很方便老人上下楼。据说有演出，没来得及看。南昌市区不可多得的好景点。,_A_Ctr****43469
2018-10-10,来南昌很多次了，都没有来滕王阁，这次正好有时间，景色不错，就在江卫生干净，边，空气清新，建设气势磅礴，管理到位，卫生干净。,云中往来
2018-10-09,去南昌的必游景点，夜晚亮灯更漂亮,juvandrid
2018-10-09,夜晚的滕王阁非常壮观，登游轮夜游赣江美不胜收,M10****169
2018-10-09,雄锯长江边，气势磅礴，观景平台拍照，一览无余……,Ich123
2018-10-08,整体不错，值得推荐，有时间还会去重游！,AaKwong
2018-10-08,10.3号去，登主楼的人很多。,M27****8726
2018-10-08,景区主要是滕王阁建筑，周边配套景观不足，江边也没有点缀,阿毅
2018-10-08,景点没有什么特色，有一定文化传承，国庆期间去，人山人海。,旅行在旅途中
2018-10-08,不错！！！！！！！！！！！！！！！！！！,M28****6713
2018-10-08,早闻滕王阁大名，今日一见，果然名不虚传，气势雄伟，景色宜人，文化气息很浓厚，真的不虚此行，作为文化游非常不错。阁内文化气息浓厚，阁外大江纵横，很有气势。,233****553
2018-10-08,好多人去，下着雨，里面有点憋闷,M21****892
2018-10-08,滕王阁景区修建的好，这里的服务也很好，卫生间是我去过景区最干净，备品也很齐，手纸洗手液，擦手纸。,影子
2018-10-08,滕王阁排名江南三大名楼之首，名附其实，景区规模宏大，内楼展示的字画牌扁内容丰富，滕王阁因王勃的《序》而显有盛名，景区重建时，把《序》中的名句融入到景点的名字、各楼层的牌扁中，非常巧妙,XC****D
2018-10-07,十月五日去的，不知是不是过了高峰期，人不是很多，服务人员和志愿者态度都很好，对小朋友很友好。头天晚上还去看了表演，演员演出很自然。对南昌印象非常好。,叮叮当当一路嗨
2018-10-07,值得一游，规模庞大，但是部分楼层的展示内容值得推敲，建议能进一步完善。,Michael
2018-10-07,江西第一楼，有文化底蕴，有故事背景，值得一游,_WeCh****22204
2018-10-07,"去的时候特别晒，人不少，在阁的脚下完全失去了拍照的兴趣，选在各种偏僻小角落拍，也不错
毕竟地标，卡还是要打的",藏雾
2018-10-07,滕王阁，江南三大名楼之一[1]，位于江西省南昌市西北部沿江路赣江东岸，始建于唐永徽四年（公元653年），因唐太宗李世民之弟——滕王李元婴始建而得名，又因初唐诗人王勃诗句“落霞与孤鹜齐飞，秋水共长天一色”而流芳后世。[2]唐贞观十三年（公元639年），唐高祖李渊第二十二子、唐太宗李世民之弟李元婴被封于山东滕州，为滕王。他于滕州筑一阁楼名曰“滕王阁”（已被毁）。唐显庆四年（公元659年），滕王李元婴调任江南洪州（今江西南昌）都督，因其思念故地滕州，修筑了著名的“滕王阁”。滕王阁因王勃的《滕王阁序》为后人熟知，成为永恒的经典。 滕王阁与湖北武汉黄鹤楼、湖南岳阳楼并称为“江南三大名楼”。历史上的滕王阁先后共重建达29次之多，屡毁屡建。 2001年1月南昌滕王阁被国家旅游局批准为首批国家AAAA级旅游景区。[3]2018年8月，南昌市针对南昌市民发行了“南昌旅游一卡通”售价80/张，凭一卡通可在一年有效期内无限次免费进入江西境内40个景区（景点），滕王阁在列。,Tina美丽心情
2018-10-07,刷身份证进入，方便。第三次去了。,nj_****ng
2018-10-07,景点不错！眺望赣江风景很好！门票价格合适，性价比高！,Dreaming_Doing
2018-10-07,现在的腾王阁，是经过第29次重修，在1989年建成，在位置上是最终的位置相距有300多米，是采用仿宋的建筑艺术建造起来的，在建筑上还是有独到的地方。作为三大名楼，感觉与岳阳楼比起来还是有些差距。,e14****81
2018-10-07,景区外围还有待提高，和黄鹤楼差不错！,傲娇的胖小哥
2018-10-07,千古名篇所在地，文化内涵自不必说,scsiochenhan
2018-10-06,南昌本来就没有什么好玩的，滕王阁是江南四大名楼之一，所以算是著名景点了，其实就是一座古建筑，可以登楼俯瞰赣江。,300****371
2018-10-06,只是打卡了，毕竟南昌必去的景点嘛,欣然
2018-10-06,滕王阁上没有去，走到二楼就觉得人多空气好闷，可能人少的时候去更好,且听风吟106
2018-10-06,景色很好，导游很专业，很温馨。,lix****1918
2018-10-06,国庆人多，很多文人到此，三大名楼之一。,自由自在在
2018-10-06,南昌必去景点，虽然今阁非昔阁。有六层，二四层有廊，可观景。内有书画古器展览。有辅园可览，惜行匆未踏足。最赞扫码买票，不需排队，但优惠票尚无此殊荣。,e38****99
2018-10-06,这个票价值得了，滕王阁本身就历史悠久，视野也很好，只是可惜没有夜游滕王阁。,M31****849
2018-10-06,优惠，入园便捷，网购放心，方便迅速,_WeCh****944112
2018-10-06,还不错，值得去看一看。没有找到看夜景的好去处。每个景点建议打车游玩，距离不远不近很尴尬，人多的话打车比较方便和划算。,dan淡淡淡淡
2018-10-05,景点还可以，但是交通实在太乱，不知道为何旁边的路都封起来了，如果你要从东门走到南门，开车要15分钟，绕了很远，从景区里面走直线距离只有几百米，实在是很不方便。景区还是不错的，值得一看。,瓦德西瓦
2018-10-05,取票方便，景色很美，文化深厚。,denise122
2018-10-05,不错！历史文化遗产！值得我们再去的！,打开的门
2018-10-05,富含历史文化底蕴的古迹，绝对值得一去！,扁头BB
2018-10-05,刷二维码进入，优惠票要现场买。景点不错，主阁展示丰富，江西名人，山水，滕王，王勃，都很不错。楼梯狭窄，二期密不透风，电梯只有一部，要给老人。赣江水太少了，体会不到秋水长天一色,无敌小洛
2018-10-05,滕王阁景区非常不错，管理得也很好,benqjj
2018-10-05,还行吧，就是人太多了，停车不好停,Doodoo
2018-10-05,国庆期间客流量大，对于进入主塔参观的游客，建议景区提前做好分流措施，入口处的隐患可不小。大家都是人挤人的现象。,丽丽
2018-10-04,没什么好看的，感觉就是凑热闹，人太多了,nipirennipi43
2018-10-04,国庆节去的，人太多，楼道不通风，除了5楼的重建模拟图有亮点，、二楼的宴乐图，其他不怎么吸引我,e43****60
2018-10-04,没想到6：30就被清场了，要想看到灯亮要额外再花100多元购票,151****9838
2018-10-04,很不错，值得一去；尤其是夜景游赣江。,liyi
2018-10-04,中国古文化的摇篮之一，滕王阁霸气侧漏的名子盖不住历史文化的熏香，好地方！,布雷西亚孙秀
2018-10-04,不错的景点，有点文化的人一定要去看看，很有看头，可以学到很多历史知识。毕竟这里也是古代文人必去游览的景点之一。,布雷西亚孙秀
2018-10-04,一般般，等待区缺少了一个。让人站在门外等连个休息区都没有。,A珠峰
2018-10-04,还可以，就是人太多了，以后找人少的时候再去,lennongai
2018-10-04,方便快捷，美不胜收，流连忘返，,_WeCh****998951
2018-10-04,管理混乱，现代建筑，啥都没有，有那钱去对面五星级酒店吃顿自助餐。,chenconi
2018-10-04,电梯只能65岁以上才可以坐，扶梯太窄太热,Richardx
2018-10-04,一般，对这种建筑没兴趣，人不多，就是假期客流量也不大,幽幽的小诺
2018-10-03,非常美的地方，真的可以感受到落霞与孤鹜齐飞，秋水共长天一色,d12****57
2018-10-03,我必须把我们的江南三大名楼滕王阁拍的高大上～他就有这么美！我爱❤️大江西～,甜_秘密
2018-10-03,腾王阁共有六层楼，听说第六层会有表演，去晚了，没有看到，可以爬上腾王阁看江边风景，国庆期间人多车多，有点挤，门票网上买好后可直接刷身份证进入景区，进门后上腾王阁还要检一次票，注意票别弄丢了，,大肉
2018-10-03,挺好的，里面有圣旨，现在高处远眺，整个南昌城尽收眼底,但闻花中语
2018-10-03,登上滕王阁追寻1343年前王勃眼中“落霞与孤鹜齐飞，秋水共长天一色”的洪都江景，然而一千年太久，物换星移，不见孤鹜只见高楼林立，曾经的滕王宴乐也无处觅得踪迹，只有吹糖人的手艺人依然坚守着貌似最后的古老，当然吸引众人眼球的必然是高科技炫酷的灯光秀还有无人机表演~,青梅子306
2018-10-03,总体来说还可以的，但价格有点贵,teacherliu950829
2018-10-03,别看评论了，自己去体会吧。别人的感受永远比不上你的经历,M28****6552
2018-10-03,不用买票，进景区方便，用携程拿去花还便宜20,令狐山丘
2018-10-03,感觉还好，古朴特别是岭楼，历史课又上了一遍。,M49****273
2018-10-03,just soso! 落霞与孤鹜齐飞，秋水共长天一色。表示没看到。只看到对面高楼天际线。,631****195
2018-10-03,还好吧，人山人海，江边小楼。。,lon****er
2018-10-03,如果在南昌市里转转的话还是进去看看吧，滕王阁，江南三大名楼之一[1]，位于江西省南昌市西北部沿江路赣江东岸，始建于唐永徽四年（公元653年），因唐太宗李世民之弟——滕王李元婴始建而得名，又因初唐诗人王勃诗句“落霞与孤鹜齐飞，秋水共长天一色”而流芳后世。[2]唐贞观十三年（公元639年），唐高祖李渊第二十二子、唐太宗李世民之弟李元婴被封于山东滕州，为滕王。他于滕州筑一阁楼名曰“滕王阁”（已被毁）。唐显庆四年（公元659年），滕王李元婴调任江南洪州（今江西南昌）都督，因其思念故地滕州，修筑了著名的“滕王阁”。滕王阁因王勃的《滕王阁序》为后人熟知，成为永恒的经典。 滕王阁与湖北武汉黄鹤楼、湖南岳阳楼并称为“江南三大名楼”。历史上的滕王阁先后共重建达29次之多，屡毁屡建。 2001年1月南昌滕王阁被国家旅游局批准为首批国家AAAA级旅游景区。[3]2018年8月，南昌市针对南昌市民发行了“南昌旅游一卡通”售价80/张，凭一卡通可在一年有效期内无限次免费进入江西境内40个景区（景点），滕王阁在列。在里面可以看到南昌最美的风景，感受下赣江的魅力，了解古诗人的潇洒生活,M19****568
2018-10-02,挺美的，就是赣江水不算多，感受不到滕王阁序的氛围了。,M22****282
2018-10-02,滕王阁记载的江西文武状元之多，深深的震撼了我！,民公子
2018-10-02,网上购票不排队，爽。十一竟然人不多，奇迹,Nina
2018-10-02,不错！！！！！！！！！！！！！,修理人的木工
2018-10-02,还是不错的，人虽多，不愧三大名楼之一！,M22****3517
2018-10-02,有时间的话真该玩上半天 可惜我只有两个小时,撇横点撇横点横竖横横竖勾点
2018-10-02,一家老小游值得去，国庆假期去不塞人,CharmmyDeng
2018-10-02,还不错，国庆来人稍微有点多，小孩免费！,大可先森
2018-10-02,"来南昌的话，推荐必来景点之一，看图说话
",Ellen Hsieh
2018-10-01,内容比较丰富。可以在上面游玩一上午,戴戴要淡定
2018-10-01,中国四大名楼，建筑之美独他敢居首！雕梁画栋，俯依赣江，远有摩天轮，近有双高楼。人杰地灵，物华天宝。倚楼观江水，俯瞰车马龙，追忆滕王序，盛赞故郎情！,有梦走天涯
2018-10-01,一层层走上去 每层可以看到不少关于滕王阁的文物 还有各个朝代不同造型的滕王阁的展示 最上面六层只有室内  所以想要在最高处拍外景要在五楼 江对面是新区 高楼林立  一个多小时可以逛完 ,Misssoda
2018-10-01,挺好的，落霞与孤鹜齐飞，秋水共长天一色。不虚此行。,我这就是
2018-10-01,长江边上的古代名建筑，虽然经过了多次重建翻修，还是很壮观的,_YX1****048
2018-09-29,傍晚时分登高阁，感受一下落霞与孤鹜齐飞，秋水共长天一色。,M10****387
2018-09-29,江南三大名楼之一的滕王阁，气势雄伟，随着台阶的上升，看见了很多历史的变迁，也对古代的艺术有了更多认识，推荐,香水百合amy
2018-09-29,没车的平民窟女孩出游，全靠双腿和公共交通，先做飞机到南昌，有去江西婺源，最后爬黄山。21岁走过了半个中国，梦想三十岁之前游遍全国,啊喽哈123
2018-09-29,以前被“背诵全文”压迫，但是真来了却也背不出来了。,阿喵林小琪
2018-09-28,趁着出差的间隙去打卡，整个楼很大可以看的东西很多，最好要有讲解陪同。,紫叶小屋
2018-09-28,晚上去了一次，看看夜景的灯，原来这不是原址啊…孤落寡闻了…,234****558
2018-09-28,第29次修建的滕王阁，气势恢宏，每一层都有专题介绍。老人和行动不便的可以乘电梯。就是周边的建筑与滕王阁不搭，在阁的顶层拍照总是影响。在阁下拍了一张。,万千万个梦
2018-09-26,可以有每张5元的优惠，方便。就是需提前一天预定,203****339
2018-09-26,重新修的，年代没有多久，但是博物馆还是值得看的，夜景很美！,205****896
2018-09-26,"落霞与孤鹜齐飞，秋水共长天一色。
照片滤镜有点儿过了哈哈。。4月份拍的，长途旅行走到南昌，当然要去滕王阁了。赣江对面是秋水广场，不得不说，拍夜景还是很好的（最后4张）。",凭楼僧语
2018-09-26,挺不错的，落霞与孤鹜齐飞虽然只有模型，但是也可以将就,_CFT0****1724
2018-09-26,中国古楼之一，就是奔着落霞与孤鹜齐飞去的，发现没那种好运只能看看模型将就一下,_CFT0****1724
2018-09-25,物有所值！就是忘了应该提前一天订票这件事了。,D11****95
2018-09-25,游玩很满意 景点值得去看看 到景点大厅找的导游讲解很好,138****7777
2018-09-25,滕王阁慕名而去，感觉还是很不错的,cyilin
2018-09-24,蛮大的，跟杭州的雷峰塔的感觉有那么一丢丢像吧，学生价只要25，还是蛮值得，还能看滕王阁的历史更替，想当年王勃的一篇滕王阁序写的多让人心动，曾经还被骗能背出滕王阁序就不要门票,forever_ping
2018-09-24,在这里，人们应当放下脚步，细细欣赏文人骚客的诗书笔墨，在自然人文中找寻内心的宁静。细细品味，你能感受到它的文雅与细腻,M28****4708
2018-09-24,还可以，不进去相当于白去，古老的建筑,M25****6174
2018-09-23,不错 夜景美 晚上人有点多 但是开心 非常喜欢,_WeCh****913713
2018-09-23,景区还不错，就是没有直接到火车站的公交站点，属实是不方便，对于像我这样的穷游者，公交才是最好的交通工具。,落雪绽梅
2018-09-23,门票价格比黄鹤楼便宜，内容比黄鹤楼要好，但真心话，实际没什么看的，也就是个名气吧,_WeCh****89003
2018-09-23,夜景很美，阁内展品需要充实完善,M10****766
2018-09-23,江南三大名楼之一的滕王阁景色不错哦！最好晴天来，赣江水波光粼粼，红楼绿水，登高望远，值得一观，趣味性强，值得推荐给大家。,当地向导伊妹儿
2018-09-22,总体还可以 但没有想象的那么好,Kathy_xuan
2018-09-22,第一次来江南明楼滕王阁，竟然要到四楼才看到滕王阁序。,鸿雁川飞
2018-09-22,不好玩，不好玩，不好玩。非让我打12个字。。。,M28****419
2018-09-22,不错 像一个小博物馆 很漂亮。,M27****2990
2018-09-21,收50元我也是呵呵呵，不推荐，没意思,288****017
2018-09-21,不错，介绍详细！听听介绍很好！,M61****258
2018-09-21,一篇《滕王阁序》而名扬天下的江南名楼，50元的票价物有所值,侠客1986
2018-09-20,中国的历史文化，这一站本人觉得值得一游,宝宝333
2018-09-19,滕王阁本身景观壮观，有点清水寺的感觉。滕王阁序的豪迈也让景色之外有了文化的质感。每一层都有值得看的。楼以外的建筑比较普通。,smileshirley11
2018-09-19,对50元的门票实在是～不用来了 尤其是特意过来的 全部为89年新建 全部为电子演示 人造景观 ,我是小鱿鱼
2018-09-19,外观很壮观，内部真是太一般了。,M25****5358
2018-09-18,遇到的工作人员服务态度极其恶劣！！！其它不想说！！！,积木姑姑图
2018-09-18,可以看看，顺便看看南昌江景不错,LewisLv
2018-09-17,很满意的一次出行，门票很便宜！,M56****075
2018-09-17,挺好的，视野开阔，晚上配着灯光，非常漂亮。值得一去。,180****9849
2018-09-17,壮观……我哈不吃饭哪里吃饱饭我不回去睡觉不睡觉干嘛不说话呀……不想和人之间发生的事儿？在乎过不下去的,李婧颖
2018-09-16,很快的开始出现了问题。我在外面等你们来吧。我们都在这里了。我们要好好的学习生活水平提高自己学习能力和美知识和好能力的人和我一起分享我喜欢？,M20****412
2018-09-16,滕王阁是南昌的标志性景点，不错的地方位于赣江旁边,行走的田小爬
2018-09-16,滕王阁只能说名气很大，到此一游也就是爬了个塔楼而已，没有什么特色的，不过可以眺望赣江，还可以吧。塔楼里面基本都是现在的仿品，真正的文物并不多。塔楼里面的电梯只能老年人做。,M20****607
2018-09-16,此行最大收获：苏东坡手书《滕王阁序》：南昌故郡，洪都新府。大家找亮点吧,小盛在线
2018-09-15,南昌旅游唯一的亮点，登上楼后视野比黄鹤楼更宽广。确实有:落霞与孤鹜齐飞，秋水共长天一色的感觉！,Hoky66
2018-09-15,听说很差，事实上也很差，要短命,来宾三毛
2018-09-14,不错不错 一如既往的好    ,有吃有喝
2018-09-14,外面风景不错，滕王阁上面几层十分凉快,YOKI_qian
2018-09-14,整体感觉还是很不错的，在主楼下面有几个博物馆可以参观，在主楼上面有历代名人的诗词，滕王阁的历史演变，在三楼和五楼还可以俯视赣江看江景。可惜六楼正好在维护，没有参观。下楼后，东面的一些其他建筑感觉也不错，而且那边人少，走一圈看一看也挺好的。,M24****4823
2018-09-12,规模不大但有历史，值得游览以故知新。,白盾
2018-09-11,相对来说离万寿宫地铁站近一些，AAAA级景区。门票携程购买，售票处刷身份证领取。园区较大，在滕王阁的上段一层有一个金字塔型的3D立体动画，循环的为大家介绍着滕王阁几百年来的不断被毁不断重建的历程，1989年第29次重建。,肥肥安大王
2018-09-11,方便，凭身份证取票在景点机器上取票，每张优惠5元。,D14****78
2018-09-11,很好很方便，很好很方便很好很方便,名可名治
2018-09-11,自己比较喜欢，感觉很好，有时候还有莫名的感动,日月12
